Movie_ID,Movie_Name
id1, Leave the World Behind
id2, Wonka
id3, Poor Things
id4, Killers of the Flower Moon
id5, May December
id6, The Hunger Games: The Ballad of Songbirds & Snakes
id7, Napoleon
id8, Oppenheimer
id9, Love Actually
id10, Candy Cane Lane
id11, Saltburn
id12, Barbie
id13, National Lampoon's Christmas Vacation
id14, Rebel Moon - Part One: A Child of Fire
id15, The Family Plan
id16, The Holdovers
id17, Family Switch
id18, Indiana Jones and the Dial of Destiny
id19, Elf
id20, How the Grinch Stole Christmas
id21, Maestro
id22, Mr. Monk's Last Case: A Monk Movie
id23, The Iron Claw
id24, Leo
id25, Fast Charlie
id26, The Creator
id27, The Grinch
id28, Chicken Run: Dawn of the Nugget
id29, Die Hard
id30, The Killer
id31, The Super Mario Bros. Movie
id32, Violent Night
id33, Home Alone 2: Lost in New York
id34, A Haunting in Venice
id35, The Marvels
id36, Wish
id37, The Polar Express
id38, It's a Wonderful Life
id39, Five Nights at Freddy's
id40, The Shift
id41, The Santa Clause
id42, Christmas on Cherry Lane
id43, White Christmas
id44, Finestkind
id45, Thanksgiving
id46, The Holiday
id47, The Hunger Games
id48, The Boys in the Boat
id49, A Christmas Story
id50, The Color Purple
id51, Willy Wonka & the Chocolate Factory
id52, Trolls Band Together
id53, Scrooged
id54, Ferrari
id55, No Hard Feelings
id56, Charlie and the Chocolate Factory
id57, Lady Ballers
id58, X
id59, Mission: Impossible - Dead Reckoning Part One
id60, Spider-Man: Across the Spider-Verse
id61, Asteroid City
id62, Blue Beetle
id63, Eileen
id64, Love and Monsters
id65, Dune
id66, Spirited
id67, Miracle on 34th Street
id68, Dream Scenario
id69, Jingle All the Way
id70, Priscilla
id71, Talk to Me
id72, The Batman
id73, Everything Everywhere All at Once
id74, Harry Potter and the Sorcerer's Stone
id75, American Fiction
id76, Interstellar
id77, All of Us Strangers
id78, Migration
id79, Genie
id80, Klaus
id81, The Shawshank Redemption
id82, Silver and the Book of Dreams
id83, Cat Person
id84, A Christmas Carol
id85, Last Christmas
id86, Reptile
id87, The Suicide Squad
id88, Gremlins
id89, The Godfather
id90, The Wolf of Wall Street
id91, The Equalizer 3
id92, Merry Little Batman
id93, Underwater
id94, Taylor Swift: The Eras Tour
id95, Christmas with the Kranks
id96, John Wick: Chapter 4
id97, The Santa Clause 2
id98, Gran Turismo
id99, Chicken Run
id100, Four Christmases
id101, Mad Max: Fury Road
id102, Home Alone 3
id103, Glory
id104, Your Christmas or Mine 2
id105, Suicide Squad
id106, In the Land of Saints and Sinners
id107, The Muppet Christmas Carol
id108, The Family Stone
id109, Office Christmas Party
id110, The Lord of the Rings: The Fellowship of the Ring
id111, Pride & Prejudice
id112, Gladiator
id113, The Hunger Games: Catching Fire
id114, Freelance
id115, The Dark Knight
id116, Blade Runner 2049
id117, Pulp Fiction
id118, The Age of Adaline
id119, Feast of the Seven Fishes
id120, The Exorcist: Believer
id121, Bad Santa
id122, The Silencing
id123, Scott Pilgrim vs. the World
id124, Holiday in the Vineyards
id125, Guardians of the Galaxy Vol. 3
id126, Fast X
id127, Sound of Freedom
id128, Predestination
id129, Krampus
id130, Fight Club
id131, L.A. Confidential
id132, Transformers: Rise of the Beasts
id133, Top Gun: Maverick
id134, Beverly Hills Cop
id135, The Christmas Chronicles
id136, Your Christmas or Mine?
id137, Dungeons & Dragons: Honor Among Thieves
id138, Pearl
id139, The Nightmare Before Christmas
id140, Deck the Halls
id141, The Oath
id142, Bottoms
id143, Once Upon a Time in Hollywood
id144, Avatar: The Way of Water
id145, Love
id146, Inception
id147, The Goonies
id148, Saw X
id149, Godzilla
id150, It's a Wonderful Knife
id151, A Christmas Story Christmas
id152, Babylon
id153, Whiplash
id154, There's Something in the Barn
id155, Titanic
id156, Shazam! Fury of the Gods
id157, A Good Person
id158, Journey to Bethlehem
id159, Die Hard 2
id160, Fair Play
id161, The Wizard of Oz
id162, Fargo
id163, Dumb Money
id164, Love Story
id165, Requiem for a Dream
id166, The Favourite
id167, Nyad
id168, Goodfellas
id169, Midsommar
id170, Diary of a Wimpy Kid Christmas: Cabin Fever
id171, Silent Night
id172, EXmas
id173, The Gentlemen
id174, Santa's Slay
id175," The Chronicles of Narnia: The Lion, the Witch and the Wardrobe"
id176, Inglourious Basterds
id177, Godzilla vs. Kong
id178, Mean Girls
id179, The Family Man
id180, She's All That
id181, Triangle of Sadness
id182, Black Swan
id183, Kingdom of Heaven
id184, The Naughty Nine
id185, The Northman
id186, Prometheus
id187, Spider-Man: No Way Home
id188, The Rocky Horror Picture Show
id189, Se7en
id190, Elemental
id191, Origin
id192, Hunter Killer
id193, Pain Hustlers
id194, The Silence of the Lambs
id195, Joker
id196, The Flash
id197, Old Dads
id198, The Princess Bride
id199, American Beauty
id200, Jurassic Park
id201, Heat
id202, Léon: The Professional
id203, Harry Potter and the Goblet of Fire
id204, Waitress: The Musical
id205, The Menu
id206, Expend4bles
id207, Godzilla: King of the Monsters
id208, Little Women
id209, The Killing of a Sacred Deer
id210, American Psycho
id211, Fred Claus
id212, Eyes Wide Shut
id213, Eight Crazy Nights
id214, The Sacrifice Game
id215, Beau Is Afraid
id216, Django Unchained
id217, Harry Potter and the Deathly Hallows: Part 2
id218, Schindler's List
id219, Sing 2
id220, The Lord of the Rings: The Return of the King
id221, The Departed
id222, Promising Young Woman
id223, The Night Before
id224, Bullet Train
id225, The Covenant
id226, Dashing Through the Snow
id227, Kung Fu Panda
id228, Beauty and the Beast
id229, Don't Worry Darling
id230, The Little Mermaid
id231, Forrest Gump
id232, Noelle
id233, Lucy
id234, There Will Be Blood
id235, The Santa Clause 3: The Escape Clause
id236, Avengers: Endgame
id237, Jack Frost
id238, Vacation
id239, Teenage Mutant Ninja Turtles: Mutant Mayhem
id240, Frozen
id241, No Country for Old Men
id242, Raiders of the Lost Ark
id243, The Hunger Games: Mockingjay - Part 2
id244, The Matrix
id245, American Pie
id246, No Time to Die
id247, Watchmen
id248, Apocalypse Now
id249, Tombstone
id250, Alien
id251, Please Don't Destroy: The Treasure of Foggy Mountain
id252, Gone Girl
id253, Saving Private Ryan
id254, The Notebook
id255, The Big Lebowski
id256, Twilight
id257, The Raven
id258, The Whale
id259, Scarface
id260, Blade Runner
id261, Fifty Shades of Grey
id262, Back to the Future
id263, The Green Mile
id264, A Boy Called Christmas
id265, Wind River
id266, John Wick
id267, Holidate
id268, Uncharted
id269, Infinity Pool
id270, Barry Lyndon
id271, Bone Tomahawk
id272, 10 Things I Hate About You
id273, The Marsh King's Daughter
id274, Harry Potter and the Prisoner of Azkaban
id275, Good Will Hunting
id276, Don't Look Up
id277, The Prestige
id278, Incident in a Ghostland
id279," Crazy, Stupid, Love."
id280, Joy Ride
id281, Men
id282, Black Christmas
id283, The Banshees of Inisherin
id284, The Hunger Games: Mockingjay - Part 1
id285, Prisoners
id286, Trading Places
id287, Death on the Nile
id288, Man of Steel
id289, Santa Claus
id290, Renaissance: A Film by Beyoncé
id291, Aquaman
id292, Shutter Island
id293, Harry Potter and the Chamber of Secrets
id294, Troy
id295, Spider-Man: Into the Spider-Verse
id296, The Dark Knight Rises
id297, Hypnotic
id298, Call Me by Your Name
id299, Get Out
id300, Some Like It Hot
id301, Meg 2: The Trench
id302, Love Hard
id303, Eternal Sunshine of the Spotless Mind
id304, 300
id305, We're the Millers
id306, Arthur Christmas
id307, Green Book
id308, Theater Camp
id309, Top Gun
id310, Tenet
id311, 12 Angry Men
id312, The Portrait
id313, Burlesque
id314, BlackBerry
id315, Casino Royale
id316, Star Wars: Episode IV - A New Hope
id317, The Lobster
id318, Silent Hill
id319, Jack Reacher
id320, Fiddler on the Roof
id321, Glass Onion
id322, Memory
id323, The Many Saints of Newark
id324, Pirates of the Caribbean: The Curse of the Black Pearl
id325, The Longest Ride
id326, A Man Called Otto
id327, Aliens
id328, No One Will Save You
id329, Holiday Inn
id330, The Deer Hunter
id331," Are You There God? It's Me, Margaret."
id332, The Help
id333, Terminator 2: Judgment Day
id334, La La Land
id335, The Truman Show
id336, The Sound of Music
id337, The Outsiders
id338, Taxi Driver
id339, Fast Times at Ridgemont High
id340, Evil Dead Rise
id341, Hereditary
id342, Her
id343, The Irishman
id344, Catch Me If You Can
id345, The Shining
id346, Knives Out
id347, Next Goal Wins
id348, The Last Voyage of the Demeter
id349, Air
id350, Christmas with the Chosen: Holy Night
id351, She's the Man
id352, Better Watch Out
id353, How to Have Sex
id354, The Fast and the Furious
id355, Tropic Thunder
id356, Nobody
id357, Murder on the Orient Express
id358, The Secret Life of Walter Mitty
id359, Christmas in Connecticut
id360, Love & Other Drugs
id361, The Equalizer
id362, Ford v Ferrari
id363, Aftersun
id364, Mob Land
id365, Divergent
id366, Totally Killer
id367, Taken
id368, Strays
id369, The Burial
id370, Pretty Woman
id371, Renfield
id372, Happiest Season
id373, Ghosted
id374, Mulholland Drive
id375, Drive
id376, The Man Who Invented Christmas
id377, The Lord of the Rings: The Two Towers
id378, Sisu
id379, Superbad
id380, Ghostbusters
id381," Planes, Trains & Automobiles"
id382, Green Lantern
id383, Wifelike
id384, Cruella
id385, Harry Potter and the Deathly Hallows: Part 1
id386, The Christmas Chronicles: Part Two
id387, Good Burger 2
id388, Where the Crawdads Sing
id389, The Abyss
id390, The Godfather Part II
id391, The Fifth Element
id392, 8-Bit Christmas
id393, Black Adam
id394, Mr. & Mrs. Smith
id395, Memento
id396, Avatar
id397, All Souls
id398, Gerald's Game
id399, 65
id400, Paper Moon
id401, The Nun II
id402, Cobweb
id403, Boyz n the Hood
id404, The Dreamers
id405, A Creature Was Stirring
id406, The Bikeriders
id407, Deadpool
id408, Alien: Covenant
id409, Kill Bill: Vol. 1
id410, Last Night in Soho
id411, Ready or Not
id412, The Hobbit: An Unexpected Journey
id413, Hidden Figures
id414, Good Boys
id415, Point Break
id416, Skyfall
id417, Barbarian
id418, The Hateful Eight
id419, 2001: A Space Odyssey
id420, How the Gringo Stole Christmas
id421, Meet Me in St. Louis
id422, Birds of Prey
id423, The Nutcracker and the Four Realms
id424, The Great Gatsby
id425, Old
id426, The Usual Suspects
id427, Me Before You
id428, Free Guy
id429, Dead Poets Society
id430, Harry Potter and the Order of the Phoenix
id431, From Dusk Till Dawn
id432, Kong: Skull Island
id433, A Beautiful Mind
id434, Ex Machina
id435, Thor: Love and Thunder
id436, Dazed and Confused
id437, Sicario
id438, Unfaithful
id439, The Retirement Plan
id440, The Mist
id441, Indiana Jones and the Temple of Doom
id442, Shazam!
id443, Smile
id444, Home Sweet Home Alone
id445, Lolita
id446, Rustin
id447, Cars
id448, Kandahar
id449, Nymphomaniac: Vol. I
id450, A Bad Moms Christmas
id451, Lady Bird
id452, The Exorcist
id453, Network
id454, It
id455, Scream VI
id456, Amsterdam
id457, Excalibur
id458, Guardians of the Galaxy
id459, The Terminator
id460, The Place Beyond the Pines
id461, Secretary
id462, The Thing
id463, RoboCop
id464, Spider-Man
id465, The Martian
id466, The Greatest Showman
id467, I Can Only Imagine
id468, Mother!
id469, The Talented Mr. Ripley
id470, National Lampoon's Animal House
id471, While You Were Sleeping
id472, Harry Potter and the Half-Blood Prince
id473, The Fast and the Furious: Tokyo Drift
id474, Knock at the Cabin
id475, Divinity
id476, Braveheart
id477, Basic Instinct
id478, The Hangover
id479, Elvis
id480, 8 Mile
id481, Percy Jackson & the Olympians: The Lightning Thief
id482, About Time
id483, The Revenant
id484, Pale Rider
id485, Kung Fu Panda 3
id486, Boogie Nights
id487, The Matrix Resurrections
id488, Meet Joe Black
id489, The Maze Runner
id490, Puss in Boots: The Last Wish
id491, Falling for Christmas
id492, One Flew Over the Cuckoo's Nest
id493, Batman Begins
id494, Blockers
id495, Jumanji
id496, The Mummy
id497, Indiana Jones and the Last Crusade
id498, Nope
id499, Uncut Gems
id500, Surviving Christmas
id501, The Grand Budapest Hotel
id502, Bridget Jones's Diary
id503, 1917
id504, The Lion King
id505, The Last Duel
id506, The Lost City
id507, West Side Story
id508, American History X
id509, The Pianist
id510, The Star
id511, The Jester
id512, Dunkirk
id513, A Clockwork Orange
id514, Encanto
id515, The Social Network
id516, Trolls
id517, Hacksaw Ridge
id518, The Phantom of the Opera
id519, Once Upon a Time in America
id520, Fatman
id521, The Secret Gift of Christmas
id522, Donnie Darko
id523, Fall
id524, Uncle Buck
id525, Christmas with the Campbells
id526, The Other Guys
id527, The Girl Next Door
id528, Almost Famous
id529, Snatch
id530, Nativity!
id531, Batman v Superman: Dawn of Justice
id532, The Hunt
id533, Ratatouille
id534, Jojo Rabbit
id535, The Lighthouse
id536, Sing
id537, Avengers: Infinity War
id538, The Girl with the Dragon Tattoo
id539, Fury
id540, The King
id541, The Fabelmans
id542, The Unbearable Weight of Massive Talent
id543, Star Wars: Episode IX - The Rise of Skywalker
id544, The Witch
id545, PAW Patrol: The Mighty Movie
id546, Star Wars: Episode I - The Phantom Menace
id547, Crocodile Dundee
id548, Stand by Me
id549, The Voyeurs
id550, The Big Short
id551, Matilda
id552, Annihilation
id553," Red, White & Royal Blue"
id554, True Romance
id555, The Autopsy of Jane Doe
id556, The Outlaw Josey Wales
id557, Baywatch
id558, Operation Fortune: Ruse de Guerre
id559, Brothers
id560, Sin City
id561, I.S.S.
id562, Mission: Impossible - Fallout
id563, Prey
id564, GoldenEye
id565, Wonder Woman
id566, Full Metal Jacket
id567, Deadpool 2
id568, Die Hard with a Vengeance
id569, Zodiac
id570, Belfast
id571, The Book of Clarence
id572, Idiocracy
id573, BlacKkKlansman
id574, After Everything
id575, Speak No Evil
id576, Batman Returns
id577, Lost in Translation
id578, The Devil Wears Prada
id579, What Happens Later
id580, Kingsman: The Secret Service
id581, Edward Scissorhands
id582, Cocaine Bear
id583, Reservoir Dogs
id584, This Is Christmas
id585, Winnie the Pooh: Blood and Honey
id586, Snowpiercer
id587, How It Ends
id588, Iron Man
id589, Indiana Jones and the Kingdom of the Crystal Skull
id590, Shame
id591, Under the Skin
id592, The Gray Man
id593, The Adventures of Sharkboy and Lavagirl 3-D
id594, Quiz Lady
id595, Zack Snyder's Justice League
id596, Clue
id597, Carol
id598, Men in Black
id599, Bram Stoker's Dracula
id600, DC League of Super-Pets
id601, Single All the Way
id602, Eternals
id603, Ocean's Eleven
id604, Ghostbusters: Afterlife
id605, Guillermo del Toro's Pinocchio
id606, 13 Going on 30
id607, Serendipity
id608, Edge of Tomorrow
id609, Beetlejuice
id610, Toy Story
id611, Ant-Man and the Wasp: Quantumania
id612, The Noel Diary
id613, The Nice Guys
id614, Inside Out
id615, Not Another Teen Movie
id616, The Bishop's Wife
id617, 28 Days Later
id618, Doctor Strange in the Multiverse of Madness
id619, The Breakfast Club
id620, Jennifer's Body
id621, Jurassic World Dominion
id622, Just Friends
id623," Silent Night, Deadly Night"
id624, Trolls World Tour
id625, Moonlight
id626, A Knight's Tale
id627, Licence to Kill
id628, John Wick: Chapter 3 - Parabellum
id629, Rescuing Christmas
id630, Extraction II
id631, Let It Snow
id632, Shrek
id633, The Meg
id634, Alita: Battle Angel
id635, Locked In
id636, Control
id637, Dear John
id638, Jurassic World
id639, What's Eating Gilbert Grape
id640, Tár
id641, Meet Me Under the Mistletoe
id642, An American Pickle
id643, Heart of Stone
id644, The Blue Lagoon
id645, One Life
id646, The Mean One
id647, American Hustle
id648, Smokin' Aces
id649, The Wicker Man
id650, Scream
id651, The Lost Boys
id652, Love the Coopers
id653, Hook
id654, Kung Fu Panda 2
id655, The Old Oak
id656, The Avengers
id657, To Catch a Killer
id658, The Sixth Sense
id659, Mission: Impossible
id660, Silver Linings Playbook
id661, Girl in the Basement
id662, F9: The Fast Saga
id663, Casino
id664, Fantastic Beasts: The Secrets of Dumbledore
id665, In Time
id666, Jaws
id667, Platoon
id668, Death Proof
id669, Deep Water
id670, Les Misérables
id671, Planet of the Apes
id672, Beautiful Boy
id673, Saturday Night Fever
id674, Army of the Dead
id675, The Father
id676, Diary of a Wimpy Kid
id677, Love at First Sight
id678, The Perks of Being a Wallflower
id679, Casablanca
id680, Bodies Bodies Bodies
id681, Die Another Day
id682, Blonde
id683, Hamilton
id684, Now You See Me
id685, My Big Fat Greek Wedding 3
id686, The Pale Blue Eye
id687, Lethal Weapon
id688, Warhorse One
id689, It Happened on Fifth Avenue
id690, My Cousin Vinny
id691, The Imitation Game
id692, E.T. the Extra-Terrestrial
id693, After
id694, Scrooge: A Christmas Carol
id695, The Ritual
id696, Into the Wild
id697, Independence Day
id698, Transformers
id699, Training Day
id700, Step Brothers
id701, Knock Knock
id702, Stardust
id703, Lady Chatterley's Lover
id704, Black Hawk Down
id705, Bad Santa 2
id706, Baby Driver
id707, Bones and All
id708, Closer
id709, Vegas Vacation
id710, Labyrinth
id711, Soul
id712, Fast & Furious
id713, Superman
id714, Predator
id715, The Pelican Brief
id716, Atonement
id717, The Fugitive
id718, The Secret: Dare to Dream
id719, Passengers
id720, Transformers: The Last Knight
id721, Room in Rome
id722, Groundhog Day
id723, Scrooge
id724, Jumanji: Welcome to the Jungle
id725, Terrifier 2
id726, Notting Hill
id727, Logan
id728, Grease
id729, Ferris Bueller's Day Off
id730," What's Up, Doc?"
id731, Nimona
id732, Paddington 2
id733, Batman
id734, City of Angels
id735, Pleasure
id736, M3GAN
id737, Beverly Hills Cop III
id738, A Time to Kill
id739, Rogue One: A Star Wars Story
id740, Rocky
id741, Ted
id742, The Virgin Suicides
id743, Doctor Sleep
id744, The Cell
id745, A Star Is Born
id746, Australia
id747, The Day After Tomorrow
id748, Mad Max
id749, Payback
id750, Split
id751, The Conjuring
id752, Daddy's Home 2
id753, Moana
id754, The Lovely Bones
id755, War for the Planet of the Apes
id756, The Curious Case of Benjamin Button
id757, Ambulance
id758, A Bronx Tale
id759, Star Wars: Episode VII - The Force Awakens
id760, Romeo + Juliet
id761, The King's Man
id762, Fool's Paradise
id763, Trainspotting
id764, Saw
id765, Psycho
id766, Total Recall
id767," Great Photo, Lovely Life"
id768, Femme
id769, Captain Marvel
id770, The Reader
id771, Nocturnal Animals
id772, Ernest Saves Christmas
id773, Rise of the Guardians
id774, Zootopia
id775, Venom
id776, Haunted Mansion
id777, Office Space
id778, World War Z
id779, Black Panther
id780, The Hospital
id781, Armageddon
id782, Us
id783, Ready Player One
id784, Little Children
id785, Retribution
id786, Paddington
id787, Insidious: The Red Door
id788, Save the Last Dance
id789, Hot Fuzz
id790, The House That Jack Built
id791, The Incredibles
id792, The Mask
id793, Gone with the Wind
id794, Gangs of New York
id795, Event Horizon
id796, Airplane!
id797, Jules
id798," Three Billboards Outside Ebbing, Missouri"
id799, Margin Call
id800, Black Panther: Wakanda Forever
id801, The Tomorrow War
id802, Bohemian Rhapsody
id803, Disobedience
id804, Star Wars: Episode V - The Empire Strikes Back
id805, Frequency
id806, Chronicle
id807, Looper
id808, True Lies
id809, Showgirls
id810, Waitress
id811, The Mother
id812, The Commuter
id813," To Sir, with Love"
id814, Man on Fire
id815, Crazy Rich Asians
id816, King Kong
id817, Moonfall
id818, The Little Things
id819, The Firm
id820, Mamma Mia! Here We Go Again
id821, Unforgiven
id822, Big
id823, Clueless
id824, John Wick: Chapter 2
id825, The Death of Stalin
id826, Thank You for Coming
id827, Airheads
id828, Nightcrawler
id829, Love Again
id830, Waiting...
id831, The Royal Hotel
id832, Mission: Impossible II
id833, The Proposal
id834, Starship Troopers
id835, I Wouldn't Be in Your Shoes
id836, Something from Tiffany's
id837, V for Vendetta
id838, The Greatest Beer Run Ever
id839, Finding Nemo
id840, White Noise
id841, Before Sunrise
id842, Night at the Museum
id843, The Shop Around the Corner
id844, Angel Heart
id845, Hell or High Water
id846, Valerian and the City of a Thousand Planets
id847, X-Men
id848, The Persian Version
id849, Pitch Perfect
id850, The Legend of Tarzan
id851, The Equalizer 2
id852, Rise of the Planet of the Apes
id853, The Human Centipede (First Sequence)
id854, Unbroken
id855, Maze Runner: The Scorch Trials
id856, Primal Fear
id857, Kill Shot
id858, Coco
id859, The Stranger
id860, Amadeus
id861, Mystic River
id862, WALL·E
id863, Alice in Wonderland
id864, Miranda's Victim
id865, American Gangster
id866, Sixteen Candles
id867, Fingernails
id868, Focus
id869, Pirates of the Caribbean: Dead Men Tell No Tales
id870, A Nightmare on Elm Street
id871, Legend
id872, Remember the Night
id873, Sleeping Beauty
id874, Caligula
id875, Remember the Titans
id876, The Black Phone
id877, Captain America: The First Avenger
id878, The Witches of Eastwick
id879, The Impossible
id880, Room
id881, The Invisible Man
id882, Dawn of the Planet of the Apes
id883, I'll Be Home for Christmas
id884, Wild Things
id885, Passages
id886, 500 Days of Summer
id887, The Devil's Advocate
id888, Weird: The Al Yankovic Story
id889, The Hunt for Red October
id890, Scary Movie
id891, Nightmare Alley
id892, Cinderella
id893, Terrifier
id894, 2 Fast 2 Furious
id895, The Out-Laws
id896, Wonder Woman 1984
id897, The Shape of Water
id898, Mamma Mia!
id899, The Hobbit: The Desolation of Smaug
id900, How to Train Your Dragon
id901, Children of Men
id902, In Bruges
id903, Scooby-Doo
id904, Beverly Hills Cop II
id905, Stargate
id906, A Castle for Christmas
id907, Terminator: Dark Fate
id908, Thor: Ragnarok
id909, Gremlins 2: The New Batch
id910, Plane
id911, Spotlight
id912, Star Wars: Episode III - Revenge of the Sith
id913, Fantastic Mr. Fox
id914, Dumb and Dumber
id915, Click
id916, Live Free or Die Hard
id917, Red Sparrow
id918, The Miracle Club
id919, 12 Years a Slave
id920, Galaxy Quest
id921, The Devil All the Time
id922, The Patriot
id923, Red Dawn
id924, Life
id925, Martyrs
id926, She Came to Me
id927, The Last of the Mohicans
id928, Up
id929, Father Christmas Is Back
id930, Jingle Jangle: A Christmas Journey
id931, Spider-Man: Homecoming
id932, Interview with the Vampire: The Vampire Chronicles
id933, Pirates of the Caribbean: Dead Man's Chest
id934, Gran Torino
id935, Sucker Punch
id936, It Follows
id937, Creed III
id938, Star Trek
id939, The Texas Chain Saw Massacre
id940, For Your Eyes Only
id941, Sunshine
id942, Foe
id943, Book Club: The Next Chapter
id944, Erin Brockovich
id945, Frozen II
id946, The World Is Not Enough
id947, The Kill Room
id948, Legally Blonde
id949, Sky High
id950, The Pope's Exorcist
id951, Everest
id952, The Other Zoey
id953, Dark Waters
id954, Freud's Last Session
id955, Tomorrowland
id956, School of Rock
id957, Good Time
id958, Easy A
id959, Brokeback Mountain
id960, Aladdin
id961, Warrior
id962, Malignant
id963, My Girl
id964, Dirty Dancing
id965, Mixed Nuts
id966, Talladega Nights: The Ballad of Ricky Bobby
id967, Spectre
id968, Patriot Games
id969, Star Wars: Episode VIII - The Last Jedi
id970, The Last Bus
id971, The Karate Kid
id972, National Lampoon's European Vacation
id973, Suitable Flesh
id974, Anna
id975, The French Dispatch
id976, Showing Up
id977, Better Off Dead...
id978, Robin Hood
id979, Remember Me
id980, Steel Magnolias
id981, Midway
id982, Antichrist
id983," Girl, Interrupted"
id984, Lone Survivor
id985, Blade
id986, White Chicks
id987, The Descent
id988, Furious 7
id989, The Road Warrior
id990, Conan the Barbarian
id991, The Mission
id992, Napoleon Dynamite
id993, The Town
id994, Thirteen
id995, Black Widow
id996, Bridge to Terabithia
id997, Monster
id998, Dredd
id999, Champions
id1000, Muzzle
id1001," Confess, Fletch"
id1002, EuroTrip
id1003, The Accountant
id1004, Serenity
id1005, I Spit on Your Grave
id1006, Venom: Let There Be Carnage
id1007, Last Holiday
id1008," Monsters, Inc."
id1009, Birdman or (The Unexpected Virtue of Ignorance)
id1010, Mask
id1011, The Game
id1012, Knights of the Zodiac
id1013, Alfie
id1014, Thor
id1015, The Black Demon
id1016, Just Go with It
id1017, The Boogeyman
id1018, Tetris
id1019, Licorice Pizza
id1020," The Cook, the Thief, His Wife & Her Lover"
id1021, Anastasia
id1022, Misery
id1023, Lakeview Terrace
id1024, Tangled
id1025, Tomorrow Never Dies
id1026, Chinatown
id1027, Mary Poppins
id1028, The Nun
id1029, American Symphony
id1030, Mrs. Doubtfire
id1031, When Harry Met Sally...
id1032, You Are So Not Invited to My Bat Mitzvah
id1033, Cruel Intentions
id1034, TRON: Legacy
id1035, Legion
id1036, Traffic
id1037, Minority Report
id1038, Justice League
id1039, Suspiria
id1040, Nomadland
id1041, I'm Thinking of Ending Things
id1042, Reality
id1043, Mud
id1044, Highlander
id1045, Pearl Harbor
id1046, Brazil
id1047, Blue Velvet
id1048, Sideways
id1049, Sleepers
id1050, A Merry Friggin' Christmas
id1051, Demolition
id1052, Marriage Story
id1053, The Road
id1054, War of the Worlds
id1055, The Bad Guys
id1056, The Nutcracker: The Untold Story
id1057, Manchester by the Sea
id1058, The Call of the Wild
id1059, American Sniper
id1060, Ice Age
id1061, Hannibal
id1062, Wrong Turn
id1063, 13 Hours
id1064, Moulin Rouge!
id1065, The Cabin in the Woods
id1066, 1408
id1067," Lock, Stock and Two Smoking Barrels"
id1068, Coraline
id1069, Sinister
id1070, Solo: A Star Wars Story
id1071, The NeverEnding Story
id1072, The Rocker
id1073, Dances with Wolves
id1074, A Christmas Horror Story
id1075, Juno
id1076, Desperation Road
id1077, Star Wars: Episode VI - Return of the Jedi
id1078, The Giver
id1079, 9 Songs
id1080, Crash
id1081, I Am Legend
id1082, The Power of the Dog
id1083, Spider-Man 2
id1084, The Peanut Butter Falcon
id1085, Limitless
id1086, The Amazing Spider-Man
id1087, Upgrade
id1088, Wrath of Man
id1089, The Ballad of Buster Scruggs
id1090, Hot Tub Time Machine
id1091, Fast Five
id1092, That's My Boy
id1093, Little Miss Sunshine
id1094, They Cloned Tyrone
id1095, House of Gucci
id1096, Kick-Ass
id1097, Kingsman: The Golden Circle
id1098, A Few Good Men
id1099, Bad Times at the El Royale
id1100, Cloud Atlas
id1101, Til Death Do Us Part
id1102, The Taking of Deborah Logan
id1103, Where the Lilies Bloom
id1104, Hit Man
id1105, Shang-Chi and the Legend of the Ten Rings
id1106, Polar
id1107, Pacific Rim
id1108, The Last Samurai
id1109, Dodgeball: A True Underdog Story
id1110, Fantastic Beasts and Where to Find Them
id1111, Sea of Love
id1112, Shaun of the Dead
id1113, Kiss Kiss Bang Bang
id1114, Piranha 3D
id1115, What We Do in the Shadows
id1116, Tusk
id1117, Morbius
id1118, Batman Forever
id1119, Speed
id1120, Scent of a Woman
id1121, Blue Valentine
id1122, Greyhound
id1123, A Bridge Too Far
id1124, After Sex
id1125, The English Patient
id1126, King Arthur: Legend of the Sword
id1127, Weird Science
id1128, The Snowman
id1129, The Parent Trap
id1130, Avengers: Age of Ultron
id1131, Phantom Thread
id1132, Maze Runner: The Death Cure
id1133, Cashback
id1134, The Addams Family
id1135, Chicago
id1136, Margaux
id1137, Friends with Benefits
id1138, Hostiles
id1139, Oblivion
id1140, A Million Miles Away
id1141, Robin Hood: Prince of Thieves
id1142, About My Father
id1143, Guardians of the Galaxy Vol. 2
id1144, Wonder
id1145, A Christmas Prince
id1146, Sleepy Hollow
id1147, X-Men Origins: Wolverine
id1148, Constantine
id1149, The Big Ugly
id1150, The Others
id1151, Batman & Robin
id1152, The Man Who Knew Too Much
id1153, The Book of Eli
id1154, Quantum of Solace
id1155, Scrapper
id1156, Ponyo
id1157, Purple Hearts
id1158, First Blood
id1159, G.I. Joe: The Rise of Cobra
id1160, Zero Dark Thirty
id1161, Mortal Kombat
id1162, Daddy's Home
id1163, Zombieland
id1164, Jerry and Marge Go Large
id1165, Prancer
id1166, Rear Window
id1167, The Prince of Egypt
id1168, Lawrence of Arabia
id1169, Rush
id1170," Good Luck to You, Leo Grande"
id1171, Natural Born Killers
id1172, Stillwater
id1173, Snow Day
id1174, Dr. Strangelove or: How I Learned to Stop Worrying and Love the Bomb
id1175, X-Men: First Class
id1176, Road House
id1177, Sympathy for the Devil
id1178, X-Men: Apocalypse
id1179, The Bourne Identity
id1180, The Master
id1181, 57 Seconds
id1182, Ace Ventura: Pet Detective
id1183, The Butterfly Effect
id1184," I, Tonya"
id1185, The Matrix Reloaded
id1186, Revolutionary Road
id1187, Rush Hour
id1188, Jingle Smells
id1189, Master and Commander: The Far Side of the World
id1190, Spring Breakers
id1191, Dawn of the Dead
id1192, The Warriors
id1193, Christine
id1194, District 9
id1195, Alive
id1196, Role Play
id1197, The Running Man
id1198, Jackie Brown
id1199, eXistenZ
id1200, Straight Outta Compton
id1201, Annie
id1202, Cape Fear
id1203, Jumanji: The Next Level
id1204, Kill Bill: Vol. 2
id1205, Jack Reacher: Never Go Back
id1206, Lee
id1207, The Adam Project
id1208, Immortals
id1209, The Replacements
id1210, 2012
id1211, North by Northwest
id1212, The Long Kiss Goodnight
id1213, Caddyshack
id1214, Boiling Point
id1215, The Unlikely Pilgrimage of Harold Fry
id1216, The Hobbit: The Battle of the Five Armies
id1217, Four Weddings and a Funeral
id1218, Final Destination
id1219, Cast Away
id1220, The Nutcracker
id1221, Eden Lake
id1222, Valentine's Day
id1223, Cop Land
id1224, Fantastic Four
id1225, The Untouchables
id1226, Red Notice
id1227, Iron Man 3
id1228, The Village
id1229, Luther: The Fallen Sun
id1230, The 40-Year-Old Virgin
id1231, JFK
id1232, Bridesmaids
id1233, Mission: Impossible - Ghost Protocol
id1234, RED
id1235, Melancholia
id1236, The Wolverine
id1237, Appaloosa
id1238, Chef
id1239, She Said
id1240, Sweeney Todd: The Demon Barber of Fleet Street
id1241, Captain America: Civil War
id1242, Insidious
id1243, Borat
id1244, Master Gardener
id1245, See How They Run
id1246, Logan Lucky
id1247, Spider-Man: Far from Home
id1248, The Man from U.N.C.L.E.
id1249, Men in Black II
id1250, Austin Powers: International Man of Mystery
id1251, Nefarious
id1252, Hercules
id1253, The Great Outdoors
id1254, The Night of the Hunter
id1255, The Chronicles of Narnia: Prince Caspian
id1256, The Little Rascals
id1257, They Live
id1258, 17 Again
id1259, Rosemary's Baby
id1260, Big Fish
id1261, Sicario: Day of the Soldado
id1262, The American
id1263, Tinker Tailor Soldier Spy
id1264, Redeeming Love
id1265, Lifeforce
id1266, Pig
id1267, Silence
id1268, A.I. Artificial Intelligence
id1269, Sense and Sensibility
id1270, Perfume: The Story of a Murderer
id1271, Gods of Egypt
id1272, Toy Story 3
id1273, Dogma
id1274, Ad Astra
id1275, Austin Powers in Goldmember
id1276, X-Men: Days of Future Past
id1277, 10 Cloverfield Lane
id1278, Last Tango in Paris
id1279, Bird Box
id1280, The Fallout
id1281, Raging Bull
id1282, Silverado
id1283, Turning Red
id1284, Creed
id1285, Apollo 13
id1286, Ticket to Paradise
id1287, Bring It On
id1288, The Magnificent Seven
id1289, Legends of the Fall
id1290, The Boy in the Striped Pajamas
id1291, Happy Gilmore
id1292, This Is the End
id1293, Mission: Impossible III
id1294, Star Wars: Episode II - Attack of the Clones
id1295, Possession
id1296, Spider-Man 3
id1297, Grown Ups
id1298, High Plains Drifter
id1299, Rumble Through the Dark
id1300, The Art of Racing in the Rain
id1301, Toy Story 4
id1302, No Escape
id1303, Monty Python and the Holy Grail
id1304, Pirates of the Caribbean: On Stranger Tides
id1305, The Highwaymen
id1306, Riddick
id1307, Pirates of the Caribbean: At World's End
id1308, A Place in the Sun
id1309, Donnie Brasco
id1310, Ocean's Eight
id1311, Game Night
id1312, Vicky Cristina Barcelona
id1313, That Awkward Moment
id1314, Movie 43
id1315, Sleepless in Seattle
id1316, Citizen Kane
id1317, Fifty Shades Freed
id1318, Sonic the Hedgehog 2
id1319, After We Collided
id1320, The Count of Monte Cristo
id1321, Jerry Maguire
id1322, Sharper
id1323, Friday
id1324, Marie Antoinette
id1325, The Machinist
id1326, I Am Number Four
id1327, Triple Frontier
id1328, My Best Friend's Wedding
id1329, Never Say Never Again
id1330, The Bricklayer
id1331, Secondhand Lions
id1332, Argo
id1333," Love, Rosie"
id1334, Face/Off
id1335, The Twilight Saga: Breaking Dawn - Part 2
id1336, Hustlers
id1337, The Thin Red Line
id1338, The Outfit
id1339, Clear and Present Danger
id1340, 21 Jump Street
id1341, Blazing Saddles
id1342, The Fate of the Furious
id1343, The Amazing Spider-Man 2
id1344, Fresh
id1345, The Driver
id1346, Twister
id1347, Good Burger
id1348, The Lost World: Jurassic Park
id1349, Rat Race
id1350, Ghost
id1351, Carrie
id1352, Sausage Party
id1353, It Chapter Two
id1354, Mafia Mamma
id1355, Vertigo
id1356, Mars Attacks!
id1357, A Quiet Place Part II
id1358, Darkest Hour
id1359, You People
id1360, Men in Black 3
id1361, Moonraker
id1362, Slap Shot
id1363, Law Abiding Citizen
id1364, Collateral
id1365, Gattaca
id1366, The Ref
id1367, Cold Pursuit
id1368, The Terminal
id1369, Magnolia
id1370, Three Thousand Years of Longing
id1371, Speak
id1372, Enemy
id1373, Police Academy
id1374, The Gift
id1375, Skinamarink
id1376, Heathers
id1377, Ender's Game
id1378, The Predator
id1379, Sex Drive
id1380, Nymphomaniac: Vol. II
id1381, You've Got Mail
id1382, This Is 40
id1383, Anchorman: The Legend of Ron Burgundy
id1384, There's Something About Mary
id1385, Extraction
id1386, Horrible Bosses
id1387, The Chronicles of Riddick
id1388, The Rock
id1389, Sherlock Holmes
id1390, The Da Vinci Code
id1391, North Star
id1392, Gifted
id1393, Somewhere in Queens
id1394, Greater
id1395, Dora and the Lost City of Gold
id1396, Captain Fantastic
id1397, The King's Speech
id1398, Flight
id1399, U-571
id1400, Career Opportunities
id1401, Fast & Furious 6
id1402, Big Trouble in Little China
id1403, Falling Down
id1404, Source Code
id1405, Taken 2
id1406, The Change-Up
id1407," Trees, and Other Entanglements"
id1408, Varsity Blues
id1409, Midnight Run
id1410, Dr. No
id1411, Fear
id1412, Mandy
id1413, Allegiant
id1414, The Counselor
id1415, Vanilla Sky
id1416, Orphan
id1417, Holes
id1418, Crimes of the Future
id1419, Eastern Promises
id1420, Madagascar
id1421, The Garden of Eden
id1422, Mallrats
id1423, Blood Diamond
id1424, Mission: Impossible - Rogue Nation
id1425, Escape from New York
id1426," O Brother, Where Art Thou?"
id1427, Overboard
id1428, Spaceballs
id1429, Enola Holmes
id1430, Sophie's Choice
id1431, Alien³
id1432, Fantastic Beasts: The Crimes of Grindelwald
id1433, The Machine
id1434, Commando
id1435, The Name of the Rose
id1436, Black Mass
id1437, Run
id1438, Below Her Mouth
id1439, 9½ Weeks
id1440, Walden
id1441, This Christmas
id1442, The Old Guard
id1443, Willy's Wonderland
id1444, The Beach
id1445, Vivarium
id1446, Singin' in the Rain
id1447, True Grit
id1448, Terminator Salvation
id1449, Gravity
id1450, Fog City
id1451, Hugo
id1452, The Client
id1453, Footloose
id1454, Parenthood
id1455, Teenage Mutant Ninja Turtles
id1456, Glass
id1457, Shrek 2
id1458, The Hurt Locker
id1459, A Walk in the Woods
id1460, Doctor Strange
id1461, The Girl in the Spider's Web
id1462, Wedding Crashers
id1463, Brightburn
id1464, Deliverance
id1465, The Time Traveler's Wife
id1466, Road Trip
id1467, A Good Day to Die Hard
id1468, Coming to America
id1469, American Graffiti
id1470, Hellboy
id1471, Super 8
id1472, Under the Silver Lake
id1473, Hostel
id1474, The Life Aquatic with Steve Zissou
id1475, The Woman King
id1476, The Princess Switch
id1477, Shooter
id1478, Downsizing
id1479, Jason Bourne
id1480, Ma
id1481, Ghostbusters II
id1482, The Pursuit of Happyness
id1483, Sister Act 2: Back in the Habit
id1484, The Crow
id1485, The Emperor's New Groove
id1486, The Mummy Returns
id1487, Public Enemies
id1488, Predators
id1489, Knocked Up
id1490, The Living Daylights
id1491, Gone Baby Gone
id1492, El Camino: A Breaking Bad Movie
id1493, Old School
id1494, The Princess Diaries
id1495, Rocketman
id1496, 99 Moons
id1497, 50 First Dates
id1498, The Courier
id1499, Porky's
id1500, Downton Abbey
id1501, The Waterboy
id1502, How to Lose a Guy in 10 Days
id1503, Mona Lisa Smile
id1504, Adventures in Babysitting
id1505, Watcher
id1506, Christmas Bloody Christmas
id1507, Infinite
id1508, Empire of the Sun
id1509, The Sandlot
id1510, The Good Son
id1511, Butcher's Crossing
id1512, Young Frankenstein
id1513, This Is Spinal Tap
id1514, The Craft
id1515, Con Air
id1516, Ben-Hur
id1517, The Blues Brothers
id1518, Miss Peregrine's Home for Peculiar Children
id1519, Van Helsing
id1520, Influencer
id1521, The Founder
id1522, Dog Day Afternoon
id1523, The Spy Who Loved Me
id1524, Underworld
id1525, Zoolander
id1526, Life of the Party
id1527, Mad Max Beyond Thunderdome
id1528, The Ring
id1529, Million Dollar Baby
id1530, Identity
id1531, Long Shot
id1532, Tomb Raider
id1533, Bombshell
id1534, Toy Story 2
id1535, A California Christmas
id1536, The Divergent Series: Insurgent
id1537, Den of Thieves
id1538, The Guilty
id1539, 99 Homes
id1540, The Three Musketeers
id1541, Billy Madison
id1542, The Boondock Saints
id1543, The School for Good and Evil
id1544, Winter's Bone
id1545, Killing Me Softly
id1546, Sonic the Hedgehog
id1547, Hidden
id1548, Witness
id1549, Inside Man
id1550, The Neon Demon
id1551, Never Let Me Go
id1552, Robin Hood: Men in Tights
id1553, Booksmart
id1554, Burnt
id1555, Crocodile Dundee II
id1556, Dogville
id1557, Boston Strangler
id1558, Mulan
id1559, Rain Man
id1560, Bumblebee
id1561, Midnight in Paris
id1562, Ghost Rider
id1563, Backdraft
id1564, A Thousand and One
id1565, Casper
id1566, Dark Phoenix
id1567, Dangerous Game: The Legacy Murders
id1568, Liar Liar
id1569, Coherence
id1570, Hall Pass
id1571, The Intern
id1572, Moonstruck
id1573, The Princess and the Frog
id1574," Paris, Texas"
id1575, The Nativity Story
id1576, The Hitman's Bodyguard
id1577, Criminal
id1578, Trapped in Paradise
id1579, The Girl on the Train
id1580, The Expendables
id1581, Addams Family Values
id1582, The Graduate
id1583, The Lesson
id1584, Megan Is Missing
id1585, The Poughkeepsie Tapes
id1586, The Dictator
id1587, The Dirty Dozen
id1588, The Adjustment Bureau
id1589, The House Bunny
id1590, Pitch Black
id1591, Peter Pan
id1592, The Visit
id1593, This Is Where I Leave You
id1594, After Death
id1595, Contagion
id1596, Army of Thieves
id1597, Heaven Help Us
id1598, A Series of Unfortunate Events
id1599, Jurassic World: Fallen Kingdom
id1600, Dark Harvest
id1601, On Her Majesty's Secret Service
id1602, The Knight Before Christmas
id1603, A Very Harold & Kumar Christmas
id1604, Slumdog Millionaire
id1605, Barbarella
id1606, High Life
id1607, Flora and Son
id1608, Lincoln
id1609, Fried Green Tomatoes
id1610, Godmothered
id1611, Despicable Me
id1612, Ghost in the Shell
id1613, The Purge
id1614, I Believe in Santa
id1615, The Blind Side
id1616, X-Men: The Last Stand
id1617, Exodus: Gods and Kings
id1618, The 355
id1619, Inside
id1620, Ever After: A Cinderella Story
id1621, Species
id1622, Philadelphia
id1623, Iron Man 2
id1624, Blended
id1625, Real Steel
id1626, Red Rocket
id1627, The Incredible Hulk
id1628, To Kill a Mockingbird
id1629, Anna Karenina
id1630, The Seven Year Itch
id1631, Moneyball
id1632, Incredibles 2
id1633, Bedazzled
id1634, Captain America: The Winter Soldier
id1635, Dallas Buyers Club
id1636, Insomnia
id1637, Munich
id1638, Funny Games
id1639, Inferno
id1640, The Chronicles of Narnia: The Voyage of the Dawn Treader
id1641, The Aviator
id1642, Planet Terror
id1643, Super Mario Bros.
id1644, Terminator Genisys
id1645, Self Reliance
id1646, Grown Ups 2
id1647," Me, Myself & Irene"
id1648, Palm Springs
id1649, Pieces of a Woman
id1650, Sweet Home Alabama
id1651, Big Hero 6
id1652, Instant Family
id1653, Living
id1654, Bad Boys
id1655, The Tragedy of Macbeth
id1656, Joy
id1657, Spy
id1658, The Land Before Time
id1659, Signs
id1660, An American Werewolf in London
id1661, War Dogs
id1662, Fifty Shades Darker
id1663, Contact
id1664, In the Heart of the Sea
id1665, Dark City
id1666, Life of Brian
id1667, Raya and the Last Dragon
id1668, DogMan
id1669, The Lost Daughter
id1670, Elysium
id1671, 6 Underground
id1672, Finch
id1673, Killing Them Softly
id1674, The Twilight Saga: New Moon
id1675, Who Framed Roger Rabbit
id1676, The Hitchhiker's Guide to the Galaxy
id1677, Corpse Bride
id1678, King Arthur
id1679, Forgetting Sarah Marshall
id1680, The Blair Witch Project
id1681, Lie with Me
id1682, Willow
id1683, All I Want for Christmas
id1684, Zombieland: Double Tap
id1685, Fast & Furious Presents: Hobbs & Shaw
id1686, The Wrath of Becky
id1687, Cloverfield
id1688, A Disturbance in the Force
id1689, Disquiet
id1690, Spencer
id1691, Vice
id1692, The Wedding Singer
id1693, Resident Evil
id1694, Pixels
id1695, Into the Woods
id1696, I See You
id1697, 28 Weeks Later
id1698, Halloween
id1699, Behind Enemy Lines
id1700, Spy Game
id1701, The Toxic Avenger
id1702, Now You See Me 2
id1703, Megamind
id1704, Moon
id1705, The Golden Compass
id1706, Beautiful Disaster
id1707, The Professor and the Madman
id1708, Deepwater Horizon
id1709, Percy Jackson: Sea of Monsters
id1710, Back to the Future Part II
id1711, Lord of Misrule
id1712, Fatal Attraction
id1713, 300: Rise of an Empire
id1714, Pretty Baby
id1715, Demolition Man
id1716, Ocean's Twelve
id1717, Teen Wolf: The Movie
id1718, Roald Dahl's Matilda the Musical
id1719, Bruce Almighty
id1720, Lawless
id1721, A Walk to Remember
id1722, What's New Pussycat
id1723, Couples Retreat
id1724, Kazaam
id1725, The Great Escaper
id1726, Hotel Transylvania
id1727, Marry Me
id1728, Diamonds Are Forever
id1729, Life of Pi
id1730, Red Dragon
id1731, Ocean's Thirteen
id1732, Pet Sematary: Bloodlines
id1733, Project X
id1734, Sound of Metal
id1735, Kevin Hart & Chris Rock: Headliners Only
id1736, A Beauty & The Beast Christmas
id1737, Da 'Partments
id1738, The Whole Nine Yards
id1739, Epic Movie
id1740, Tarzan
id1741, Maleficent
id1742, Mr. Nobody
id1743, Monamour
id1744, A Fish Called Wanda
id1745, Hackers
id1746, Mortal Engines
id1747, The Long Riders
id1748, Golda
id1749, The Great Wall
id1750, Breakfast at Tiffany's
id1751, Wild at Heart
id1752, Spartacus
id1753, Christmas with You
id1754, Burn After Reading
id1755, Close Encounters of the Third Kind
id1756, Hellraiser
id1757, The Lego Movie
id1758, Bad Moms
id1759, Atlantis: The Lost Empire
id1760, Brave
id1761, Emma.
id1762, Sanctuary
id1763, Hell House LLC Origins: The Carmichael Manor
id1764, Sin City: A Dame to Kill For
id1765, Rudy
id1766, The Great Escape
id1767, How to Train Your Dragon: The Hidden World
id1768, Poltergeist
id1769, Ted 2
id1770, Don Jon
id1771, Women Talking
id1772, Jungle Cruise
id1773, The Man from Earth
id1774, Naked Lunch
id1775, A Simple Favor
id1776, Lamborghini: The Man Behind the Legend
id1777, Robots
id1778, Norbit
id1779, Jarhead
id1780, Triangle
id1781, The Twilight Saga: Breaking Dawn - Part 1
id1782, Taken 3
id1783, Layer Cake
id1784, Jupiter Ascending
id1785, Yesterday
id1786, Don't Breathe
id1787, Charade
id1788, Last Train to Christmas
id1789, Big George Foreman
id1790, Pokémon: Detective Pikachu
id1791, Oldboy
id1792, Real Genius
id1793, Bonnie and Clyde
id1794, The Royal Tenenbaums
id1795, You Hurt My Feelings
id1796, The Man with the Golden Gun
id1797, Picture of Beauty
id1798, 9
id1799, The Birdcage
id1800, Luca
id1801, Magic Mike
id1802, It Lives Inside
id1803, The Prophecy
id1804, Independence Day: Resurgence
id1805, Big Daddy
id1806, Walk the Line
id1807, The Fault in Our Stars
id1808, Cars 2
id1809, My Big Fat Greek Wedding
id1810, Maybe I Do
id1811, Star Trek Beyond
id1812, Thelma & Louise
id1813, The Evil Dead
id1814, John Carter
id1815, Terminator 3: Rise of the Machines
id1816, The Ten Commandments
id1817, The Conjuring 2
id1818, Scary Movie 2
id1819, The Sum of All Fears
id1820, Witness for the Prosecution
id1821, Moonrise Kingdom
id1822, Hard Candy
id1823, The Voyeur
id1824, Alien: Resurrection
id1825, Knight and Day
id1826, Blow
id1827, The Bourne Ultimatum
id1828, Poseidon
id1829, Original Sin
id1830, Bill & Ted's Excellent Adventure
id1831, After Hours
id1832, The Monuments Men
id1833, Night at the Museum: Battle of the Smithsonian
id1834, Charlie's Angels
id1835, Young Guns
id1836, Spy Kids
id1837, About a Boy
id1838, Back to School
id1839, Bananas
id1840, Southpaw
id1841, Salt
id1842, The Christmas Classic
id1843, Clash of the Titans
id1844, Truth or Dare
id1845, Hidden Strike
id1846, He's Just Not That Into You
id1847, Coyote Ugly
id1848, The Punisher
id1849, The Ninth Gate
id1850, Flash Gordon
id1851, Bad Teacher
id1852," As Above, So Below"
id1853, San Andreas
id1854, The Witches
id1855, Palmer
id1856, Marlowe
id1857, Rampage
id1858, The Elephant Man
id1859, Wayne's World
id1860, Hulk
id1861, Desperado
id1862, The Apartment
id1863, St. Elmo's Fire
id1864, The Florida Project
id1865, The Pride of the Yankees
id1866, The Island
id1867, Father of the Bride
id1868, Masters of the Universe
id1869, The Fighter
id1870, Death Becomes Her
id1871, Pinocchio
id1872, The Jungle Book
id1873, Missing
id1874, Cold Mountain
id1875, State of Play
id1876, Hollow Man
id1877, Raising Arizona
id1878, Anna and the Apocalypse
id1879, Sex Tape
id1880, The Lodge
id1881, Bridge of Spies
id1882, The Titfield Thunderbolt
id1883, Lucky Number Slevin
id1884, The Strangers
id1885, Gosford Park
id1886, Monsters
id1887, Serpico
id1888, Draft Day
id1889, Goldfinger
id1890, The Theory of Everything
id1891, Geostorm
id1892, The Lincoln Lawyer
id1893, Boudica: Queen of War
id1894, Richie Rich
id1895, Appointment with Death
id1896, Greenland
id1897, The Bodyguard
id1898, We Can Be Heroes
id1899, The Night Walker
id1900, Birth
id1901, The Remains of the Day
id1902, Occupied City
id1903, The Man in the Iron Mask
id1904, We Were Soldiers
id1905, Doctor Zhivago
id1906, Dragged Across Concrete
id1907, Drag Me to Hell
id1908, Transformers: Age of Extinction
id1909, Annette
id1910," Definitely, Maybe"
id1911, The Fly
id1912, The Mighty Ducks
id1913, Little Giants
id1914, American Made
