,Actor,Actor_ID
0,Julia Roberts,1
1,Mahershala Ali,2
2,Ethan Hawke,3
3,Myha'la,4
4,TimothÃ©e Chalamet,5
5,Gustave Die,6
6,Murray McArthur,7
7,Paul G. Raymond,8
8,Emma Stone,9
9,Mark Ruffalo,10
10,Willem Dafoe,11
11,Ramy Youssef,12
12,Leonardo DiCaprio,13
13,Robert De Niro,14
14,Lily Gladstone,15
15,Jesse Plemons,16
16,Natalie Portman,17
17,Chris Tenzis,18
18,Charles Melton,19
19,Julianne Moore,20
20,Rachel Zegler,21
21,Tom Blyth,22
22,Viola Davis,23
23,Dexter Sol Ansell,24
24,Joaquin Phoenix,25
25,Vanessa Kirby,26
26,Tahar Rahim,27
27,Rupert Everett,28
28,Cillian Murphy,29
29,Emily Blunt,30
30,Matt Damon,31
31,Robert Downey Jr.,32
32,Hugh Grant,33
33,Martine McCutcheon,34
34,Liam Neeson,35
35,Laura Linney,36
36,Eddie Murphy,37
37,Tracee Ellis Ross,38
38,Jillian Bell,39
39,Genneya Walton,40
40,Barry Keoghan,41
41,Jacob Elordi,42
42,Archie Madekwe,43
43,Sadie Soverall,44
44,Margot Robbie,45
45,Ryan Gosling,46
46,Issa Rae,47
47,Kate McKinnon,48
48,Chevy Chase,49
49,Beverly D'Angelo,50
50,Juliette Lewis,51
51,Johnny Galecki,52
52,Sofia Boutella,53
53,Charlie Hunnam,54
54,Ed Skrein,55
55,Jena Malone,56
56,Mark Wahlberg,57
57,Michelle Monaghan,58
58,CiarÃ¡n Hinds,59
59,Zoe Margaret Colletti,60
60,Paul Giamatti,61
61,Da'Vine Joy Randolph,62
62,Dominic Sessa,63
63,Carrie Preston,64
64,Jennifer Garner,65
65,Ed Helms,66
66,Emma Myers,67
67,Brady Noon,68
68,Harrison Ford,69
69,Phoebe Waller-Bridge,70
70,Antonio Banderas,71
71,Karen Allen,72
72,Will Ferrell,73
73,James Caan,74
74,Bob Newhart,75
75,Zooey Deschanel,76
76,Jim Carrey,77
77,Taylor Momsen,78
78,Kelley,79
79,Jeffrey Tambor,80
80,Carey Mulligan,81
81,Bradley Cooper,82
82,Matt Bomer,83
83,Vincenzo Amato,84
84,Tony Shalhoub,85
85,Traylor Howard,86
86,Jason Gray-Stanford,87
87,Melora Hardin,88
88,Adam Sandler,89
89,Bill Burr,90
90,Cecily Strong,91
91,Jason Alexander,92
92,John David Washington,93
93,Madeleine Yuna Voyles,94
94,Gemma Chan,95
95,Allison Janney,96
96,Benedict Cumberbatch,97
97,Cameron Seely,98
98,Rashida Jones,99
99,Pharrell Williams,100
100,Thandiwe Newton,101
101,Zachary Levi,102
102,Bella Ramsey,103
103,Imelda Staunton,104
104,Bruce Willis,105
105,Alan Rickman,106
106,Bonnie Bedelia,107
107,Reginald VelJohnson,108
108,Michael Fassbender,109
109,Tilda Swinton,110
110,Charles Parnell,111
111,Arliss Howard,112
112,Chris Pratt,113
113,Anya Taylor-Joy,114
114,Charlie Day,115
115,Jack Black,116
116,David Harbour,117
117,John Leguizamo,118
118,Alex Hassell,119
119,Macaulay Culkin,120
120,Joe Pesci,121
121,Daniel Stern,122
122,Catherine O'Hara,123
123,Kenneth Branagh,124
124,Michelle Yeoh,125
125,Jamie Dornan,126
126,Tina Fey,127
127,Brie Larson,128
128,Teyonah Parris,129
129,Iman Vellani,130
130,Samuel L. Jackson,131
131,Ariana DeBose,132
132,Chris Pine,133
133,Alan Tudyk,134
134,Angelique Cabral,135
135,Tom Hanks,136
136,Chris Coppola,137
137,Michael Jeter,138
138,Leslie Zemeckis,139
139,James Stewart,140
140,Donna Reed,141
141,Lionel Barrymore,142
142,Thomas Mitchell,143
143,Josh Hutcherson,144
144,Piper Rubio,145
145,Elizabeth Lail,146
146,Matthew Lillard,147
147,Tim Allen,148
148,Judge Reinhold,149
149,Wendy Crewson,150
150,Eric Lloyd,151
151,Ben Foster,152
152,Toby Wallace,153
153,Jenna Ortega,154
154,Tommy Lee Jones,155
155,Patrick Dempsey,156
156,Ty Olsson,157
157,Gina Gershon,158
158,Gabriel Davenport,159
159,Kate Winslet,160
160,Cameron Diaz,161
161,Jude Law,162
162,Jennifer Lawrence,163
163,Liam Hemsworth,164
164,Stanley Tucci,165
165,Peter Billingsley,166
166,Melinda Dillon,167
167,Darren McGavin,168
168,Scott Schwartz,169
169,Gene Wilder,170
170,Jack Albertson,171
171,Peter Ostrum,172
172,Roy Kinnear,173
173,Anna Kendrick,174
174,Justin Timberlake,175
175,Kenan Thompson,176
176,Walt Dohrn,177
177,Bill Murray,178
178,John Forsythe,179
179,John Glover,180
180,Adam Driver,181
181,Shailene Woodley,182
182,Giuseppe Festinese,183
183,Alessandro Cremona,184
184,Andrew Barth Feldman,185
185,Laura Benanti,186
186,Matthew Broderick,187
187,Johnny Depp,188
188,Freddie Highmore,189
189,David Kelly,190
190,Helena Bonham Carter,191
191,Mia Goth,192
192,Brittany Snow,193
193,Kid Cudi,194
194,Tom Cruise,195
195,Hayley Atwell,196
196,Ving Rhames,197
197,Simon Pegg,198
198,Shameik Moore,199
199,Hailee Steinfeld,200
200,Brian Tyree Henry,201
201,Luna Lauren Velez,202
202,Jason Schwartzman,203
203,Scarlett Johansson,204
204,Jeffrey Wright,205
205,Xolo MaridueÃ±a,206
206,Bruna Marquezine,207
207,Becky G,208
208,DamiÃ¡n AlcÃ¡zar,209
209,Thomasin McKenzie,210
210,Shea Whigham,211
211,Sam Nivola,212
212,Siobhan Fallon Hogan,213
213,Dylan O'Brien,214
214,Jessica Henwick,215
215,Michael Rooker,216
216,Dan Ewing,217
217,Rebecca Ferguson,218
218,Zendaya,219
219,Oscar Isaac,220
220,Ryan Reynolds,221
221,Octavia Spencer,222
222,Patrick Page,223
223,Lily Bird,224
224,Nicolas Cage,225
225,Julianne Nicholson,226
226,Jessica Clement,227
227,Arnold Schwarzenegger,228
228,Sinbad,229
229,Phil Hartman,230
230,Rita Wilson,231
231,Cailee Spaeny,232
232,Ari Cohen,233
233,Dagmara Dominczyk,234
234,Ari McCarthy,235
235,Hamish Phillips,236
236,Kit Erhart-Bruce,237
237,Sarah Brokensha,238
238,Robert Pattinson,239
239,ZoÃ« Kravitz,240
240,Colin Farrell,241
241,Stephanie Hsu,242
242,Jamie Lee Curtis,243
243,Ke Huy Quan,244
244,Daniel Radcliffe,245
245,Rupert Grint,246
246,Richard Harris,247
247,Maggie Smith,248
248,John Ortiz,249
249,Erika Alexander,250
250,Matthew McConaughey,251
251,Anne Hathaway,252
252,Jessica Chastain,253
253,Mackenzie Foy,254
254,Melissa McCarthy,255
255,Paapa Essiedu,256
256,DenÃ©e Benton,257
257,Jordyn McIntosh,258
258,J.K. Simmons,259
259,Will Sasso,260
260,Tim Robbins,261
261,Morgan Freeman,262
262,Bob Gunton,263
263,William Sadler,264
264,Gary Oldman,265
265,Colin Firth,266
266,Steve Valentine,267
267,Madison Ingoldsby,268
268,Emma Thompson,269
269,Boris Isakovic,270
270,Lucy Miller,271
271,Benicio Del Toro,272
272,Eric Bogosian,273
273,Alicia Silverstone,274
274,Idris Elba,275
275,John Cena,276
276,Joel Kinnaman,277
277,Zach Galligan,278
278,Phoebe Cates,279
279,Hoyt Axton,280
280,John Louie,281
281,Marlon Brando,282
282,Al Pacino,283
283,Diane Keaton,284
284,Jonah Hill,285
285,Denzel Washington,286
286,Dakota Fanning,287
287,Eugenio Mastrandrea,288
288,David Denman,289
289,Luke Wilson,290
290,Yonas Kibreab,291
291,James Cromwell,292
292,David Hornsby,293
293,Kristen Stewart,294
294,Vincent Cassel,295
295,Mamoudou Athie,296
296,T.J. Miller,297
297,Taylor Swift,298
298,Mike Meadows,299
299,Max Bernstein,300
300,Paul Sidoti,301
301,Dan Aykroyd,302
302,M. Emmet Walsh,303
303,Keanu Reeves,304
304,Laurence Fishburne,305
305,George Georgiou,306
306,Lance Reddick,307
307,Spencer Breslin,308
308,Elizabeth Mitchell,309
309,Orlando Bloom,310
310,Takehiro Hira,311
311,Mel Gibson,312
312,Julia Sawalha,313
313,Phil Daniels,314
314,Lynn Ferguson,315
315,Reese Witherspoon,316
316,Vince Vaughn,317
317,Mary Steenburgen,318
318,Robert Duvall,319
319,Tom Hardy,320
320,Charlize Theron,321
321,Nicholas Hoult,322
322,Cary Elwes,323
323,Will Smith,324
324,Jared Leto,325
325,Michael Caine,326
326,Dave Goelz,327
327,Steve Whitmire,328
328,Jerry Nelson,329
329,Dermot Mulroney,330
330,Sarah Jessica Parker,331
331,Claire Danes,332
332,Jason Bateman,333
333,Olivia Munn,334
334,Jennifer Aniston,335
335,Elijah Wood,336
336,Ian McKellen,337
337,Sean Bean,338
338,Keira Knightley,339
339,Matthew Macfadyen,340
340,Brenda Blethyn,341
341,Donald Sutherland,342
342,Russell Crowe,343
343,Connie Nielsen,344
344,Oliver Reed,345
345,Philip Seymour Hoffman,346
346,Alison Brie,347
347,Juan Pablo Raba,348
348,Christian Slater,349
349,Christian Bale,350
350,Heath Ledger,351
351,Aaron Eckhart,352
352,Ana de Armas,353
353,Dave Bautista,354
354,John Travolta,355
355,Uma Thurman,356
356,Blake Lively,357
357,Michiel Huisman,358
358,Kathy Baker,359
359,Lafortune Joseph,360
360,Leslie Odom Jr.,361
361,Gastner Legerme,362
362,Tracey Graves,363
363,Billy Bob Thornton,364
364,Bernie Mac,365
365,Lauren Graham,366
366,John Ritter,367
367,Michael Cera,368
368,Mary Elizabeth Winstead,369
369,Kieran Culkin,370
370,Chukwudi Iwuji,371
371,Pom Klementieff,372
372,Vin Diesel,373
373,Michelle Rodriguez,374
374,Jason Statham,375
375,Jordana Brewster,376
376,Jim Caviezel,377
377,Mira Sorvino,378
378,Bill Camp,379
379,Cristal Aparicio,380
380,Sarah Snook,381
381,Noah Taylor,382
382,Madeleine West,383
383,Adam Scott,384
384,Toni Collette,385
385,David Koechner,386
386,Allison Tolman,387
387,Brad Pitt,388
388,Edward Norton,389
389,Meat Loaf,390
390,Zach Grenier,391
391,Kevin Spacey,392
392,Guy Pearce,393
393,Kim Basinger,394
394,Anthony Ramos,395
395,Dominique Fishback,396
396,Dean Scott Vazquez,397
397,Jennifer Connelly,398
398,Miles Teller,399
399,Val Kilmer,400
400,John Ashton,401
401,Lisa Eilbacher,402
402,Kurt Russell,403
403,Darby Camp,404
404,Judah Lewis,405
405,Oliver Hudson,406
406,RegÃ©-Jean Page,407
407,Justice Smith,408
408,David Corenswet,409
409,Tandi Wright,410
410,Matthew Sunderland,411
411,Danny Elfman,412
412,Chris Sarandon,413
413,William Hickey,414
414,Danny DeVito,415
415,Kristin Chenoweth,416
416,Kristin Davis,417
417,Rachel Sennott,418
418,Ayo Edebiri,419
419,Ruby Cruz,420
420,Havana Rose Liu,421
421,Emile Hirsch,422
422,Sam Worthington,423
423,Zoe Saldana,424
424,Sigourney Weaver,425
425,Stephen Lang,426
426,Aomi Muyock,427
427,Karl Glusman,428
428,Klara Kristin,429
429,Juan Saavedra,430
430,Joseph Gordon-Levitt,431
431,Elliot Page,432
432,Ken Watanabe,433
433,Sean Astin,434
434,Josh Brolin,435
435,Jeff Cohen,436
436,Corey Feldman,437
437,Tobin Bell,438
438,Shawnee Smith,439
439,SynnÃ¸ve Macody Lund,440
440,Steven Brand,441
441,Aaron Taylor-Johnson,442
442,Elizabeth Olsen,443
443,Bryan Cranston,444
444,Jane Widdop,445
445,Joel McHale,446
446,Justin Long,447
447,Jess McLeod,448
448,Erinn Hayes,449
449,River Drosche,450
450,Julianna Layne,451
451,Jean Smart,452
452,Olivia Wilde,453
453,Melissa Benoist,454
454,Paul Reiser,455
455,Billy Zane,456
456,Kathy Bates,457
457,Asher Angel,458
458,Jack Dylan Grazer,459
459,Florence Pugh,460
460,Celeste O'Connor,461
461,Molly Shannon,462
462,Danny Glover,463
463,Whoopi Goldberg,464
464,Oprah Winfrey,465
465,Margaret Avery,466
466,William Atherton,467
467,Phoebe Dynevor,468
468,Alden Ehrenreich,469
469,Eddie Marsan,470
470,Rich Sommer,471
471,Judy Garland,472
472,Frank Morgan,473
473,Ray Bolger,474
474,Bert Lahr,475
475,William H. Macy,476
476,Frances McDormand,477
477,Steve Buscemi,478
478,Peter Stormare,479
479,Paul Dano,480
480,Pete Davidson,481
481,Vincent D'Onofrio,482
482,America Ferrera,483
483,Ali MacGraw,484
484,Ryan O'Neal,485
485,John Marley,486
486,Ray Milland,487
487,Ellen Burstyn,488
488,Marlon Wayans,489
489,Olivia Colman,490
490,Rachel Weisz,491
491,Annette Bening,492
492,Jodie Foster,493
493,Anne Marie Kempf,494
494,Carolyn McCormick,495
495,Ray Liotta,496
496,Lorraine Bracco,497
497,Jack Reynor,498
498,Vilhelm Blomgren,499
499,William Jackson Harper,500
500,Michelle Dockery,501
501,Jeremy Strong,502
502,Georgie Henley,503
503,William Moseley,504
504,Skandar Keynes,505
505,Diane Kruger,506
506,Eli Roth,507
507,MÃ©lanie Laurent,508
508,Alexander SkarsgÃ¥rd,509
509,Millie Bobby Brown,510
510,Rebecca Hall,511
511,Lindsay Lohan,512
512,Jonathan Bennett,513
513,Rachel McAdams,514
514,TÃ©a Leoni,515
515,Don Cheadle,516
516,Jeremy Piven,517
517,Freddie Prinze Jr.,518
518,Rachael Leigh Cook,519
519,Paul Walker,520
520,Thobias Thorwid,521
521,Harris Dickinson,522
522,Charlbi Dean,523
523,Jiannis Moustos,524
524,Mila Kunis,525
525,Winona Ryder,526
526,Eva Green,527
527,Martin Hancock,528
528,Nicole Kidman,529
529,Claes Bang,530
530,Noomi Rapace,531
531,Logan Marshall-Green,532
532,Tom Holland,533
533,Jacob Batalon,534
534,Tim Curry,535
535,Susan Sarandon,536
536,Barry Bostwick,537
537,Richard O'Brien,538
538,Andrew Kevin Walker,539
539,Leah Lewis,540
540,Ronnie Del Carmen,541
541,Shila Ommi,542
542,Aunjanue Ellis-Taylor,543
543,Jon Bernthal,544
544,Niecy Nash,545
545,Emily Yancy,546
546,Gerard Butler,547
547,Common,548
548,Linda Cardellini,549
549,Chris Evans,550
550,Chloe Coleman,551
551,Anthony Hopkins,552
552,Scott Glenn,553
553,Ted Levine,554
554,Zazie Beetz,555
555,Frances Conroy,556
556,Ezra Miller,557
557,Michael Keaton,558
558,Sasha Calle,559
559,Michael Shannon,560
560,Bobby Cannavale,561
561,Bokeem Woodbine,562
562,Katie Aselton,563
563,Mandy Patinkin,564
564,Robin Wright,565
565,Thora Birch,566
566,Wes Bentley,567
567,Sam Neill,568
568,Laura Dern,569
569,Jeff Goldblum,570
570,Richard Attenborough,571
571,Jon Voight,572
572,Jean Reno,573
573,Danny Aiello,574
574,Emma Watson,575
575,Eric Sykes,576
576,Ralph Fiennes,577
577,Hong Chau,578
578,50 Cent,579
579,Megan Fox,580
580,Dolph Lundgren,581
581,Kyle Chandler,582
582,Vera Farmiga,583
583,Saoirse Ronan,584
584,Eliza Scanlen,585
585,Barry G. Bernson,586
586,Herb Caillouet,587
587,Raffey Cassidy,588
588,Justin Theroux,589
589,Josh Lucas,590
590,Bill Sage,591
591,Elizabeth Banks,592
592,John Michael Higgins,593
593,Todd Field,594
594,Sydney Pollack,595
595,Rob Schneider,596
596,Jackie Sandler,597
597,Austin Stout,598
598,Patti LuPone,599
599,Amy Ryan,600
600,Nathan Lane,601
601,Jamie Foxx,602
602,Christoph Waltz,603
603,Kerry Washington,604
604,Michael Gambon,605
605,Ben Kingsley,606
606,Caroline Goodall,607
607,Tori Kelly,608
608,Viggo Mortensen,609
609,Jack Nicholson,610
610,Bo Burnham,611
611,Clancy Brown,612
612,Seth Rogen,613
613,Lizzy Caplan,614
614,Joey King,615
615,Jake Gyllenhaal,616
616,Dar Salim,617
617,Sean Sagar,618
618,Jason Wong,619
619,Ian McShane,620
620,Angelina Jolie,621
621,Dustin Hoffman,622
622,Dan Stevens,623
623,Luke Evans,624
624,Josh Gad,625
625,Harry Styles,626
626,Halle Bailey,627
627,Jonah Hauer-King,628
628,Javier Bardem,629
629,Gary Sinise,630
630,Sally Field,631
631,Shirley MacLaine,632
632,Bill Hader,633
633,Kingsley Ben-Adir,634
634,Choi Min-sik,635
635,Amr Waked,636
636,Daniel Day-Lewis,637
637,Martin Stringer,638
638,Martin Short,639
639,Chris Hemsworth,640
640,Kelly Preston,641
641,Joseph Cross,642
642,Mark Addy,643
643,Imogene Coca,644
644,Randy Quaid,645
645,Micah Abbey,646
646,Shamon Brown Jr.,647
647,Nicolas Cantu,648
648,Kristen Bell,649
649,Idina Menzel,650
650,Jonathan Groff,651
651,Woody Harrelson,652
652,Paul Freeman,653
653,John Rhys-Davies,654
654,Carrie-Anne Moss,655
655,Hugo Weaving,656
656,Jason Biggs,657
657,Chris Klein,658
658,Thomas Ian Nicholas,659
659,Jennifer Coolidge,660
660,Daniel Craig,661
661,Rami Malek,662
662,LÃ©a Seydoux,663
663,Jackie Earle Haley,664
664,Patrick Wilson,665
665,Carla Gugino,666
666,Malin Akerman,667
667,Martin Sheen,668
668,Frederic Forrest,669
669,Sam Elliott,670
670,Bill Paxton,671
671,Tom Skerritt,672
672,John Hurt,673
673,Veronica Cartwright,674
674,Martin Herlihy,675
675,John Higgins,676
676,Ben Marshall,677
677,Conan O'Brien,678
678,Ben Affleck,679
679,Rosamund Pike,680
680,Neil Patrick Harris,681
681,Tyler Perry,682
682,Tom Sizemore,683
683,Edward Burns,684
684,Gena Rowlands,685
685,James Garner,686
686,Jeff Bridges,687
687,John Goodman,688
688,Billy Burke,689
689,Sarah Clarke,690
690,Brendan Fraser,691
691,Sadie Sink,692
692,Ty Simpkins,693
693,Michelle Pfeiffer,694
694,Steven Bauer,695
695,Mary Elizabeth Mastrantonio,696
696,Rutger Hauer,697
697,Sean Young,698
698,Edward James Olmos,699
699,Dakota Johnson,700
700,Jennifer Ehle,701
701,Eloise Mumford,702
702,Michael J. Fox,703
703,Christopher Lloyd,704
704,Lea Thompson,705
705,Crispin Glover,706
706,Michael Clarke Duncan,707
707,David Morse,708
708,Bonnie Hunt,709
709,Isabella O'Sullivan,710
710,Joel Fry,711
711,Eden Lawrence,712
712,Jeremy Renner,713
713,Graham Greene,714
714,Kelsey Asbille,715
715,Michael Nyqvist,716
716,Alfie Allen,717
717,Emma Roberts,718
718,Luke Bracey,719
719,Frances Fisher,720
720,Sophia Ali,721
721,Cleopatra Coleman,722
722,Dunja Sepcic,723
723,Marisa Berenson,724
724,Patrick Magee,725
725,Hardy KrÃ¼ger,726
726,Julia Stiles,727
727,Larisa Oleynik,728
728,Daisy Ridley,729
729,Ben Mendelsohn,730
730,Brooklynn Prince,731
731,Gil Birmingham,732
732,Richard Griffiths,733
733,Robin Williams,734
734,Stellan SkarsgÃ¥rd,735
735,Meryl Streep,736
736,Cate Blanchett,737
737,Hugh Jackman,738
738,Steve Carell,739
739,Ashley Park,740
740,Sherry Cola,741
741,Sabrina Wu,742
742,Jessie Buckley,743
743,Rory Kinnear,744
744,Gayle Rankin,745
745,Olivia Hussey,746
746,Keir Dullea,747
747,Margot Kidder,748
748,John Saxon,749
749,Brendan Gleeson,750
750,Kerry Condon,751
751,Pat Shortt,752
752,Melissa Leo,753
753,Ralph Bellamy,754
754,Don Ameche,755
755,Tom Bateman,756
756,Russell Brand,757
757,Henry Cavill,758
758,Amy Adams,759
759,Diane Lane,760
760,Jason Momoa,761
761,Amber Heard,762
762,Emily Mortimer,763
763,Eric Bana,764
764,Julian Glover,765
765,Jake Johnson,766
766,Alice Braga,767
767,JD Pardo,768
768,Dayo Okeniyi,769
769,Armie Hammer,770
770,Michael Stuhlbarg,771
771,Amira Casar,772
772,Daniel Kaluuya,773
773,Allison Williams,774
774,Bradley Whitford,775
775,Catherine Keener,776
776,Marilyn Monroe,777
777,Tony Curtis,778
778,Jack Lemmon,779
779,George Raft,780
780,Jing Wu,781
781,Shuya Sophia Cai,782
782,Cliff Curtis,783
783,Nina Dobrev,784
784,Jimmy O. Yang,785
785,Darren Barnet,786
786,James Saito,787
787,Tom Wilkinson,788
788,Gerry Robert Byrne,789
789,Lena Headey,790
790,David Wenham,791
791,Dominic West,792
792,Jason Sudeikis,793
793,James McAvoy,794
794,Jim Broadbent,795
795,Bill Nighy,796
796,Hugh Laurie,797
797,Sebastian Maniscalco,798
798,Ben Platt,799
799,Molly Gordon,800
800,Noah Galvin,801
801,Jimmy Tatro,802
802,Kelly McGillis,803
803,Elizabeth Debicki,804
804,Juhan Ulfsak,805
805,Henry Fonda,806
806,Lee J. Cobb,807
807,Martin Balsam,808
808,John Fiedler,809
809,Cher,810
810,Christina Aguilera,811
811,Alan Cumming,812
812,Eric Dane,813
813,Jay Baruchel,814
814,Glenn Howerton,815
815,Matt Johnson,816
816,Kelly Van der Burg,817
817,Judi Dench,818
818,Mark Hamill,819
819,Carrie Fisher,820
820,Alec Guinness,821
821,Jessica Barden,822
822,Radha Mitchell,823
823,Laurie Holden,824
824,Deborah Kara Unger,825
825,Richard Jenkins,826
826,Werner Herzog,827
827,Topol,828
828,Norma Crane,829
829,Leonard Frey,830
830,Molly Picon,831
831,Kate Hudson,832
832,Peter Sarsgaard,833
833,Brooke Timber,834
834,Blake Baumgartner,835
835,Alessandro Nivola,836
836,Geoffrey Rush,837
837,Scott Eastwood,838
838,Britt Robertson,839
839,Alan Alda,840
840,Jack Huston,841
841,Mariana TreviÃ±o,842
842,Rachel Keller,843
843,Michael Biehn,844
844,Carrie Henn,845
845,Kaitlyn Dever,846
846,Elizabeth Kaluev,847
847,Zack Duhame,848
848,Lauren L. Murray,849
849,Bing Crosby,850
850,Fred Astaire,851
851,Marjorie Reynolds,852
852,Virginia Dale,853
853,Christopher Walken,854
854,John Cazale,855
855,John Savage,856
856,Abby Ryder Fortson,857
857,Benny Safdie,858
858,Bryce Dallas Howard,859
859,Linda Hamilton,860
860,Edward Furlong,861
861,Robert Patrick,862
862,Rosemarie DeWitt,863
863,Ed Harris,864
864,Noah Emmerich,865
865,Julie Andrews,866
866,Christopher Plummer,867
867,Eleanor Parker,868
868,Richard Haydn,869
869,C. Thomas Howell,870
870,Matt Dillon,871
871,Ralph Macchio,872
872,Patrick Swayze,873
873,Cybill Shepherd,874
874,Albert Brooks,875
875,Sean Penn,876
876,Jennifer Jason Leigh,877
877,Robert Romanus,878
878,Mirabai Pease,879
879,Richard Crouchley,880
880,Anna-Maree Thomas,881
881,Lily Sullivan,882
882,Milly Shapiro,883
883,Gabriel Byrne,884
884,Alex Wolff,885
885,Rooney Mara,886
886,Harvey Keitel,887
887,Shelley Duvall,888
888,Danny Lloyd,889
889,Scatman Crothers,890
890,Oscar Kightley,891
891,Kaimana,892
892,David Fane,893
893,Corey Hawkins,894
894,Aisling Franciosi,895
895,Liam Cunningham,896
896,David Dastmalchian,897
897,Chris Messina,898
898,Amanda Bynes,899
899,Laura Ramsey,900
900,Channing Tatum,901
901,Vinnie Jones,902
902,Olivia DeJonge,903
903,Levi Miller,904
904,Ed Oxenbould,905
905,Aleks Mikic,906
906,Ben Stiller,907
907,Jeff Kahn,908
908,Bob Odenkirk,909
909,Aleksey Serebryakov,910
910,PenÃ©lope Cruz,911
911,Kristen Wiig,912
912,Jon Daly,913
913,Kathryn Hahn,914
914,Barbara Stanwyck,915
915,Dennis Morgan,916
916,Sydney Greenstreet,917
917,Reginald Gardiner,918
918,Judy Greer,919
919,Oliver Platt,920
920,Marton Csokas,921
921,ChloÃ« Grace Moretz,922
922,CaitrÃ­ona Balfe,923
923,Paul Mescal,924
924,Frankie Corio,925
925,Celia Rowlson-Hall,926
926,Sally Messham,927
927,Shiloh Fernandez,928
928,Kevin Dillon,929
929,Stephen Dorff,930
930,Theo James,931
931,Jai Courtney,932
932,Kiernan Shipka,933
933,Olivia Holt,934
934,Charlie Gillespie,935
935,Lochlyn Munro,936
936,Maggie Grace,937
937,Famke Janssen,938
938,Leland Orser,939
939,Isla Fisher,940
940,Randall Park,941
941,Kyle MacLachlan,942
942,Virginia Madsen,943
943,Francesca Annis,944
944,Leonardo Cimino,945
945,Jurnee Smollett,946
946,Alan Ruck,947
947,Richard Gere,948
948,Laura San Giacomo,949
949,Awkwafina,950
950,Ben Schwartz,951
951,Mackenzie Davis,952
952,Victor Garber,953
953,Adrien Brody,954
954,Mike Moh,955
955,Naomi Watts,956
956,Laura Harring,957
957,Jeanne Bates,958
958,Mark Schrier,959
959,Patrick Joseph Byrnes,960
960,Miriam Margolyes,961
961,Jorma Tommila,962
962,Aksel Hennie,963
963,Jack Doolan,964
964,Mimosa Willamo,965
965,Christopher Mintz-Plasse,966
966,Harold Ramis,967
967,Steve Martin,968
968,John Candy,969
969,Laila Robins,970
970,Michael McKean,971
971,Mark Strong,972
972,Paul Walter Hauser,973
973,Goldie Hawn,974
974,Julian Dennison,975
975,Kel Mitchell,976
976,Sofia Black-D'Elia,977
977,Daisy Edgar-Jones,978
978,Taylor John Smith,979
979,David Strathairn,980
980,Leo Burmester,981
981,Milla Jovovich,982
982,Ian Holm,983
983,Winslow Fegley,984
984,Steve Zahn,985
985,June Diane Raphael,986
986,Dwayne Johnson,987
987,Aldis Hodge,988
988,Pierce Brosnan,989
989,Noah Centineo,990
990,Adam Brody,991
991,Joe Pantoliano,992
992,Mark Boone Junior,993
993,Bruce Greenwood,994
994,Chiara Aurelia,995
995,Carel Struycken,996
996,Ariana Greenblatt,997
997,Nika King,998
998,Tatum O'Neal,999
999,Madeline Kahn,1000
1000,John Hillerman,1001
1001,Taissa Farmiga,1002
1002,Jonas Bloquet,1003
1003,Storm Reid,1004
1004,Anna Popplewell,1005
1005,Antony Starr,1006
1006,Woody Norman,1007
1007,Cuba Gooding Jr.,1008
1008,Hudhail Al-Amir,1009
1009,Lloyd Avery II,1010
1010,Michael Pitt,1011
1011,Louis Garrel,1012
1012,Anna Chancellor,1013
1013,Austin Butler,1014
1014,Jodie Comer,1015
1015,Morena Baccarin,1016
1016,Katherine Waterston,1017
1017,Billy Crudup,1018
1018,Danny McBride,1019
1019,David Carradine,1020
1020,Daryl Hannah,1021
1021,Michael Madsen,1022
1022,Matt Smith,1023
1023,Diana Rigg,1024
1024,Samara Weaving,1025
1025,Mark O'Brien,1026
1026,Henry Czerny,1027
1027,Martin Freeman,1028
1028,Richard Armitage,1029
1029,Andy Serkis,1030
1030,Taraji P. Henson,1031
1031,Janelle MonÃ¡e,1032
1032,Kevin Costner,1033
1033,Gary Busey,1034
1034,Lori Petty,1035
1035,Naomie Harris,1036
1036,Georgina Campbell,1037
1037,Bill SkarsgÃ¥rd,1038
1038,Matthew Patrick Davis,1039
1039,Walton Goggins,1040
1040,Gary Lockwood,1041
1041,William Sylvester,1042
1042,Daniel Richter,1043
1043,Margaret O'Brien,1044
1044,Mary Astor,1045
1045,Lucille Bremer,1046
1046,Rosie Perez,1047
1047,Helen Mirren,1048
1048,Joel Edgerton,1049
1049,Tobey Maguire,1050
1050,Gael GarcÃ­a Bernal,1051
1051,Vicky Krieps,1052
1052,Rufus Sewell,1053
1053,Chazz Palminteri,1054
1054,Stephen Baldwin,1055
1055,Emilia Clarke,1056
1056,Sam Claflin,1057
1057,Janet McTeer,1058
1058,Charles Dance,1059
1059,Taika Waititi,1060
1060,Lil Rel Howery,1061
1061,Robert Sean Leonard,1062
1062,Josh Charles,1063
1063,George Clooney,1064
1064,Quentin Tarantino,1065
1065,Tom Hiddleston,1066
1066,John C. Reilly,1067
1067,Alicia Vikander,1068
1068,Domhnall Gleeson,1069
1069,Sonoya Mizuno,1070
1070,Tessa Thompson,1071
1071,Jason London,1072
1072,Wiley Wiggins,1073
1073,Rory Cochrane,1074
1074,Olivier Martinez,1075
1075,Erik Per Sullivan,1076
1076,Thomas Jane,1077
1077,Marcia Gay Harden,1078
1078,Andre Braugher,1079
1079,Kate Capshaw,1080
1080,Amrish Puri,1081
1081,Sosie Bacon,1082
1082,Jessie T. Usher,1083
1083,Kyle Gallner,1084
1084,Robin Weigert,1085
1085,Ellie Kemper,1086
1086,Rob Delaney,1087
1087,Archie Yates,1088
1088,Aisling Bea,1089
1089,Jeremy Irons,1090
1090,Dominique Swain,1091
1091,Melanie Griffith,1092
1092,Frank Langella,1093
1093,Colman Domingo,1094
1094,Chris Rock,1095
1095,Glynn Turman,1096
1096,Aml Ameen,1097
1097,Owen Wilson,1098
1098,Paul Newman,1099
1099,Larry the Cable Guy,1100
1100,Tom Rhys Harries,1101
1101,Farhad Bagheri,1102
1102,Mitchell LaFortune,1103
1103,Jay Hernandez,1104
1104,Laurie Metcalf,1105
1105,Tracy Letts,1106
1106,Lucas Hedges,1107
1107,Max von Sydow,1108
1108,Linda Blair,1109
1109,Faye Dunaway,1110
1110,William Holden,1111
1111,Peter Finch,1112
1112,Jaeden Martell,1113
1113,Finn Wolfhard,1114
1114,Sophia Lillis,1115
1115,Courteney Cox,1116
1116,Melissa Barrera,1117
1117,Jasmin Savoy Brown,1118
1118,Nigel Terry,1119
1119,Nicholas Clay,1120
1120,Cherie Lunghi,1121
1121,Paul Winfield,1122
1122,Eva Mendes,1123
1123,Craig Van Hook,1124
1124,James Spader,1125
1125,Maggie Gyllenhaal,1126
1126,Jeremy Davies,1127
1127,Lesley Ann Warren,1128
1128,Wilford Brimley,1129
1129,Keith David,1130
1130,Richard Masur,1131
1131,Peter Weller,1132
1132,Nancy Allen,1133
1133,Dan O'Herlihy,1134
1134,Ronny Cox,1135
1135,Kirsten Dunst,1136
1136,James Franco,1137
1137,Kate Mara,1138
1138,Michelle Williams,1139
1139,Zac Efron,1140
1140,John Michael Finley,1141
1141,Madeline Carroll,1142
1142,Dennis Quaid,1143
1143,Trace Adkins,1144
1144,Gwyneth Paltrow,1145
1145,John Belushi,1146
1146,Tom Hulce,1147
1147,Stephen Furst,1148
1148,Sandra Bullock,1149
1149,Bill Pullman,1150
1150,Peter Gallagher,1151
1151,Peter Boyle,1152
1152,Lucas Black,1153
1153,Zachery Ty Bryan,1154
1154,Shad Moss,1155
1155,Damien Marzette,1156
1156,Ben Aldridge,1157
1157,Nikki Amuka-Bird,1158
1158,Sophie Marceau,1159
1159,Patrick McGoohan,1160
1160,Angus Macfadyen,1161
1161,Michael Douglas,1162
1162,Sharon Stone,1163
1163,George Dzundza,1164
1164,Jeanne Tripplehorn,1165
1165,Zach Galifianakis,1166
1166,Justin Bartha,1167
1167,Helen Thomson,1168
1168,Eminem,1169
1169,Brittany Murphy,1170
1170,Mekhi Phifer,1171
1171,Logan Lerman,1172
1172,Kevin McKidd,1173
1173,Steve Coogan,1174
1174,Brandon T. Jackson,1175
1175,Lydia Wilson,1176
1176,Will Poulter,1177
1177,Clint Eastwood,1178
1178,Michael Moriarty,1179
1179,Carrie Snodgress,1180
1180,Sydney Penny,1181
1181,Burt Reynolds,1182
1182,Luis GuzmÃ¡n,1183
1183,Yahya Abdul-Mateen II,1184
1184,Claire Forlani,1185
1185,Jake Weber,1186
1186,Kaya Scodelario,1187
1187,Thomas Brodie-Sangster,1188
1188,Salma Hayek,1189
1189,Harvey GuillÃ©n,1190
1190,Chord Overstreet,1191
1191,George Young,1192
1192,Jack Wagner,1193
1193,Louise Fletcher,1194
1194,Michael Berryman,1195
1195,Peter Brocco,1196
1196,Leslie Mann,1197
1197,Ike Barinholtz,1198
1198,Kathryn Newton,1199
1199,Jonathan Hyde,1200
1200,John Hannah,1201
1201,Arnold Vosloo,1202
1202,Sean Connery,1203
1203,Alison Doody,1204
1204,Denholm Elliott,1205
1205,Keke Palmer,1206
1206,Brandon Perea,1207
1207,Michael Wincott,1208
1208,Julia Fox,1209
1209,Mesfin Lamengo,1210
1210,Christina Applegate,1211
1211,James Gandolfini,1212
1212,F. Murray Abraham,1213
1213,Mathieu Amalric,1214
1214,RenÃ©e Zellweger,1215
1215,Gemma Jones,1216
1216,Dean-Charles Chapman,1217
1217,George MacKay,1218
1218,Daniel Mays,1219
1219,James Earl Jones,1220
1220,Harriet Walter,1221
1221,Ansel Elgort,1222
1222,David Alvarez,1223
1223,Jennifer Lien,1224
1224,Thomas Kretschmann,1225
1225,Frank Finlay,1226
1226,Emilia Fox,1227
1227,Steven Yeun,1228
1228,Keegan-Michael Key,1229
1229,Aidy Bryant,1230
1230,Gina Rodriguez,1231
1231,Donald Glover,1232
1232,BeyoncÃ©,1233
1233,Chiwetel Ejiofor,1234
1234,Fionn Whitehead,1235
1235,Mark Rylance,1236
1236,Malcolm McDowell,1237
1237,Michael Bates,1238
1238,Warren Clarke,1239
1239,Stephanie Beatriz,1240
1240,MarÃ­a Cecilia Botero,1241
1241,Mauro Castillo,1242
1242,Jesse Eisenberg,1243
1243,Andrew Garfield,1244
1244,Teresa Palmer,1245
1245,Emmy Rossum,1246
1246,Miranda Richardson,1247
1247,James Woods,1248
1248,Elizabeth McGovern,1249
1249,Treat Williams,1250
1250,Marianne Jean-Baptiste,1251
1251,Chance Hurstfield,1252
1252,Mary McDonnell,1253
1253,Holmes Osborne,1254
1254,Grace Caroline Currey,1255
1255,Virginia Gardner,1256
1256,Mason Gooding,1257
1257,Jeffrey Dean Morgan,1258
1258,Jean Louisa Kelly,1259
1259,Gaby Hoffmann,1260
1260,Derek Jeter,1261
1261,Nicholas Downs,1262
1262,Elisha Cuthbert,1263
1263,Timothy Olyphant,1264
1264,Michelle Trachtenberg,1265
1265,Lacey Chabert,1266
1266,Katie Cassidy,1267
1267,Patrick Fugit,1268
1268,Stephen Graham,1269
1269,Betty Gilpin,1270
1270,Hilary Swank,1271
1271,Wayne Duvall,1272
1272,Brad Garrett,1273
1273,Lou Romano,1274
1274,Patton Oswalt,1275
1275,Roman Griffin Davis,1276
1276,Valeriia Karaman,1277
1277,Logan Hawkes,1278
1278,Seth MacFarlane,1279
1279,Shia LaBeouf,1280
1280,Michael PeÃ±a,1281
1281,Tom Glynn-Carney,1282
1282,GÃ¡bor Czap,1283
1283,Tom Fisher,1284
1284,Edward Ashley,1285
1285,Gabriel LaBelle,1286
1286,Judd Hirsch,1287
1287,Pedro Pascal,1288
1288,Tiffany Haddish,1289
1289,Sharon Horgan,1290
1290,John Boyega,1291
1291,Ralph Ineson,1292
1292,Kate Dickie,1293
1293,Julian Richings,1294
1294,Dan Duran,1295
1295,James Marsden,1296
1296,Finn Lee-Epp,1297
1297,Ewan McGregor,1298
1298,Jake Lloyd,1299
1299,Paul Hogan,1300
1300,Linda Kozlowski,1301
1301,John Meillon,1302
1302,David Gulpilil,1303
1303,Wil Wheaton,1304
1304,River Phoenix,1305
1305,Jerry O'Connell,1306
1306,Sydney Sweeney,1307
1307,Ben Hardy,1308
1308,Natasha Liu Bordizzo,1309
1309,Rhea Perlman,1310
1310,Mara Wilson,1311
1311,Embeth Davidtz,1312
1312,Benedict Wong,1313
1313,Taylor Zakhar Perez,1314
1314,Nicholas Galitzine,1315
1315,Jemma Redgrave,1316
1316,Patricia Arquette,1317
1317,Dennis Hopper,1318
1318,Brian Cox,1319
1319,Ophelia Lovibond,1320
1320,Michael McElhatton,1321
1321,Maria Pitillo,1322
1322,Hank Azaria,1323
1323,Sondra Locke,1324
1324,Chief Dan George,1325
1325,Bill McKinney,1326
1326,Alexandra Daddario,1327
1327,Priyanka Chopra Jonas,1328
1328,Aubrey Plaza,1329
1329,Sam Shepard,1330
1330,Mickey Rourke,1331
1331,Clive Owen,1332
1332,Jessica Alba,1333
1333,Amber Midthunder,1334
1334,Dakota Beavers,1335
1335,Dane DiLiegro,1336
1336,Stormee Kipp,1337
1337,Izabella Scorupco,1338
1338,Gal Gadot,1339
1339,Lucy Davis,1340
1340,Matthew Modine,1341
1341,R. Lee Ermey,1342
1342,Adam Baldwin,1343
1343,Anthony Edwards,1344
1344,Jude Hill,1345
1345,Lewis McAskie,1346
1346,Maya Rudolph,1347
1347,Dax Shepard,1348
1348,Terry Crews,1349
1349,Laura Harrier,1350
1350,Topher Grace,1351
1351,Giovanni Ribisi,1352
1352,Anna Faris,1353
1353,Adrian Grenier,1354
1354,Meg Ryan,1355
1355,David Duchovny,1356
1356,Hal Liggett,1357
1357,Jarred Rogers,1358
1358,Taron Egerton,1359
1359,Dianne Wiest,1360
1360,Anthony Michael Hall,1361
1361,Keri Russell,1362
1362,O'Shea Jackson Jr.,1363
1363,Tim Roth,1364
1364,Chris Penn,1365
1365,Jamie Bell,1366
1366,Kat Graham,1367
1367,Nancy Sorel,1368
1368,Nicole Ari Parker,1369
1369,Terrence Howard,1370
1370,James Badge Dale,1371
1371,Lucy Walters,1372
1372,Jeremy McWilliams,1373
1373,Lynsey Taylor Mackay,1374
1374,Dougie McConnell,1375
1375,Cayden Boyd,1376
1376,George Lopez,1377
1377,David Arquette,1378
1378,Sandra Oh,1379
1379,Holland Taylor,1380
1380,Eileen Brennan,1381
1381,Sarah Paulson,1382
1382,Linda Fiorentino,1383
1383,Kevin Hart,1384
1384,John Krasinski,1385
1385,Michael Urie,1386
1386,Philemon Chambers,1387
1387,Luke Macfarlane,1388
1388,Richard Madden,1389
1389,Carrie Coon,1390
1390,Paul Rudd,1391
1391,Mckenna Grace,1392
1392,David Bradley,1393
1393,Gregory Mann,1394
1394,Burn Gorman,1395
1395,John Cusack,1396
1396,Kate Beckinsale,1397
1397,Bridget Moynahan,1398
1398,Alec Baldwin,1399
1399,Geena Davis,1400
1400,Annie McEnroe,1401
1401,Don Rickles,1402
1402,Jim Varney,1403
1403,Evangeline Lilly,1404
1404,Justin Hartley,1405
1405,Barrett Doss,1406
1406,James Remar,1407
1407,Angourie Rice,1408
1408,Amy Poehler,1409
1409,Lewis Black,1410
1410,Mindy Kaling,1411
1411,Chyler Leigh,1412
1412,Jaime Pressly,1413
1413,Eric Christian Olsen,1414
1414,Cary Grant,1415
1415,Loretta Young,1416
1416,David Niven,1417
1417,Monty Woolley,1418
1418,Christopher Eccleston,1419
1419,Alex Palmer,1420
1420,Emilio Estevez,1421
1421,Judd Nelson,1422
1422,Molly Ringwald,1423
1423,Ally Sheedy,1424
1424,Amanda Seyfried,1425
1425,Johnny Simmons,1426
1426,Amy Smart,1427
1427,Lilyan Chauvin,1428
1428,Gilmer McCormick,1429
1429,Toni Nero,1430
1430,Robert Brian Wilson,1431
1431,Rachel Bloom,1432
1432,James Corden,1433
1433,Trevante Rhodes,1434
1434,Alex R. Hibbert,1435
1435,Shannyn Sossamon,1436
1436,Timothy Dalton,1437
1437,Robert Davi,1438
1438,Carey Lowell,1439
1439,Talisa Soto,1440
1440,Halle Berry,1441
1441,Golshifteh Farahani,1442
1442,Adam Bessa,1443
1443,Tornike Gogrichiani,1444
1444,Isabela Merced,1445
1445,Odeya Rush,1446
1446,Liv Hewson,1447
1447,Mike Myers,1448
1448,John Lithgow,1449
1449,Bingbing Li,1450
1450,Rainn Wilson,1451
1451,Rosa Salazar,1452
1452,Henry Thomas,1453
1453,NoÃ©mie Merlant,1454
1454,Nina Hoss,1455
1455,Sophie Kauer,1456
1456,Molly Evensen,1457
1457,Eliot Glazer,1458
1458,Alia Bhatt,1459
1459,Jing Lusi,1460
1460,Brooke Shields,1461
1461,Christopher Atkins,1462
1462,Leo McKern,1463
1463,William Daniels,1464
1464,David Howard Thornton,1465
1465,Krystle Martin,1466
1466,Chase Mullins,1467
1467,John Bigham,1468
1468,Joseph Ruskin,1469
1469,Edward Woodward,1470
1470,Christopher Lee,1471
1471,Diane Cilento,1472
1472,Britt Ekland,1473
1473,Neve Campbell,1474
1474,Skeet Ulrich,1475
1475,Jason Patric,1476
1476,Corey Haim,1477
1477,Barnard Hughes,1478
1478,Bob Hoskins,1479
1479,Jackie Chan,1480
1480,Jovan Adepo,1481
1481,Haley Joel Osment,1482
1482,Olivia Williams,1483
1483,Emmanuelle BÃ©art,1484
1484,Jacki Weaver,1485
1485,Tyrese Gibson,1486
1486,Eddie Redmayne,1487
1487,Dan Fogler,1488
1488,Roy Scheider,1489
1489,Robert Shaw,1490
1490,Richard Dreyfuss,1491
1491,Lorraine Gary,1492
1492,Charlie Sheen,1493
1493,Tom Berenger,1494
1494,Grace Jenkins,1495
1495,Maura Tierney,1496
1496,Oakley Bull,1497
1497,Karen Lynn Gorney,1498
1498,Barry Miller,1499
1499,Joseph Cali,1500
1500,Ella Purnell,1501
1501,Ana de la Reguera,1502
1502,Omari Hardwick,1503
1503,Mark Gatiss,1504
1504,Zachary Gordon,1505
1505,Robert Capron,1506
1506,Rachael Harris,1507
1507,Haley Lu Richardson,1508
1508,Katrina Nare,1509
1509,Humphrey Bogart,1510
1510,Ingrid Bergman,1511
1511,Paul Henreid,1512
1512,Claude Rains,1513
1513,Amandla Stenberg,1514
1514,Maria Bakalova,1515
1515,Toby Stephens,1516
1516,Lily Fisher,1517
1517,Tygh Runyan,1518
1518,Lin-Manuel Miranda,1519
1519,Phillipa Soo,1520
1520,RenÃ©e Elise Goldsberry,1521
1521,Nia Vardalos,1522
1522,John Corbett,1523
1523,Louis Mandylor,1524
1524,Elena Kampouris,1525
1525,Harry Melling,1526
1526,Simon McBurney,1527
1527,Timothy Spall,1528
1528,Mitchell Ryan,1529
1529,Don DeFore,1530
1530,Ann Harding,1531
1531,Charles Ruggles,1532
1532,Victor Moore,1533
1533,Marisa Tomei,1534
1534,Mitchell Whitfield,1535
1535,Matthew Goode,1536
1536,Allen Leech,1537
1537,Drew Barrymore,1538
1538,Peter Coyote,1539
1539,Dee Wallace,1540
1540,Josephine Langford,1541
1541,Hero Fiennes Tiffin,1542
1542,Khadijha Red Thunder,1543
1543,Dylan Arnold,1544
1544,Johnny Flynn,1545
1545,Rafe Spall,1546
1546,Arsher Ali,1547
1547,Robert James-Collier,1548
1548,Sam Troughton,1549
1549,Josh Duhamel,1550
1550,Lorenza Izzo,1551
1551,Aaron Burns,1552
1552,Charlie Cox,1553
1553,Sienna Miller,1554
1554,Emma Corrin,1555
1555,Jack O'Connell,1556
1556,Matthew Duckett,1557
1557,Joely Richardson,1558
1558,Josh Hartnett,1559
1559,Tony Cox,1560
1560,Christina Hendricks,1561
1561,Jon Hamm,1562
1562,Eiza GonzÃ¡lez,1563
1563,Taylor Russell,1564
1564,Kendle Coffey,1565
1565,Ethan Embry,1566
1566,David Bowie,1567
1567,Toby Froud,1568
1568,Shelley Thompson,1569
1569,Graham Norton,1570
1570,Rachel House,1571
1571,Christopher Reeve,1572
1572,Gene Hackman,1573
1573,Carl Weathers,1574
1574,Kevin Peter Hall,1575
1575,Elpidia Carrillo,1576
1576,John Heard,1577
1577,Sela Ward,1578
1578,Katie Holmes,1579
1579,Celia Weston,1580
1580,Michael Sheen,1581
1581,Laura Haddock,1582
1582,Andie MacDowell,1583
1583,Chris Elliott,1584
1584,Stephen Tobolowsky,1585
1585,Albert Finney,1586
1586,Edith Evans,1587
1587,Kenneth More,1588
1588,Karen Gillan,1589
1589,Richard McCabe,1590
1590,Rhys Ifans,1591
1591,Patrick Stewart,1592
1592,Dafne Keen,1593
1593,Boyd Holbrook,1594
1594,Olivia Newton-John,1595
1595,Stockard Channing,1596
1596,Jeff Conaway,1597
1597,Mia Sara,1598
1598,Jeffrey Jones,1599
1599,Barbra Streisand,1600
1600,Kenneth Mars,1601
1601,Riz Ahmed,1602
1602,Eugene Lee Yang,1603
1603,Ben Whishaw,1604
1604,Hugh Bonneville,1605
1605,Sally Hawkins,1606
1606,Robert Wuhl,1607
1607,Dennis Franz,1608
1608,Sofia Kappel,1609
1609,Zelda Morrison,1610
1610,Evelyn Claire,1611
1611,Chris Cock,1612
1612,Violet McGraw,1613
1613,Ronny Chieng,1614
1614,Amie Donald,1615
1615,Jon Tenney,1616
1616,Joey Travolta,1617
1617,Eugene Collier,1618
1618,Felicity Jones,1619
1619,Diego Luna,1620
1620,Donnie Yen,1621
1621,Sylvester Stallone,1622
1622,Talia Shire,1623
1623,Burt Young,1624
1624,Kathleen Turner,1625
1625,Kyliegh Curran,1626
1626,Jennifer Lopez,1627
1627,Colton James,1628
1628,Lady Gaga,1629
1629,Greg Grunberg,1630
1630,Shea Adams,1631
1631,Eddie Baroo,1632
1632,Dash Mihok,1633
1633,Joanne Samuel,1634
1634,Hugh Keays-Byrne,1635
1635,Steve Bisley,1636
1636,Gregg Henry,1637
1637,Maria Bello,1638
1638,David Paymer,1639
1639,Jessica Sula,1640
1640,Ron Livingston,1641
1641,Lili Taylor,1642
1642,Auli'i Cravalho,1643
1643,Temuera Morrison,1644
1644,Karin Konoval,1645
1645,Julia Ormond,1646
1646,Garret Dillahunt,1647
1647,Lillo Brancato,1648
1648,Francis Capra,1649
1649,Harold Perrineau,1650
1650,Gemma Arterton,1651
1651,Ken Jeong,1652
1652,Ewen Bremner,1653
1653,Jonny Lee Miller,1654
1654,Leigh Whannell,1655
1655,Ken Leung,1656
1656,Anthony Perkins,1657
1657,Janet Leigh,1658
1658,Vera Miles,1659
1659,John Gavin,1660
1660,Michael Ironside,1661
1661,Rachel Ticotin,1662
1662,Bruno Ganz,1663
1663,Jeanette Hain,1664
1664,Douglas Seale,1665
1665,Oliver Clark,1666
1666,Noelle Parker,1667
1667,Ginnifer Goodwin,1668
1668,Jenny Slate,1669
1669,Scott Haze,1670
1670,LaKeith Stanfield,1671
1671,Rosario Dawson,1672
1672,David Herman,1673
1673,Ajay Naidu,1674
1674,Mireille Enos,1675
1675,Daniella Kertesz,1676
1676,Chadwick Boseman,1677
1677,Michael B. Jordan,1678
1678,Lupita Nyong'o,1679
1679,Danai Gurira,1680
1680,George C. Scott,1681
1681,Richard Dysart,1682
1682,Liv Tyler,1683
1683,Winston Duke,1684
1684,Elisabeth Moss,1685
1685,Tim Heidecker,1686
1686,Tye Sheridan,1687
1687,Olivia Cooke,1688
1688,Lena Waithe,1689
1689,Noma Dumezweni,1690
1690,Lilly Aspell,1691
1691,Jack Champion,1692
1692,Julie Walters,1693
1693,Annabelle Wallis,1694
1694,Rose Byrne,1695
1695,Sinclair Daniel,1696
1696,Sean Patrick Thomas,1697
1697,Fredro Starr,1698
1698,Nick Frost,1699
1699,Craig T. Nelson,1700
1700,Holly Hunter,1701
1701,Jason Lee,1702
1702,Peter Riegert,1703
1703,Peter Greene,1704
1704,Clark Gable,1705
1705,Vivien Leigh,1706
1706,Barbara O'Neil,1707
1707,Kathleen Quinlan,1708
1708,Robert Hays,1709
1709,Julie Hagerty,1710
1710,Leslie Nielsen,1711
1711,Kareem Abdul-Jabbar,1712
1712,Harriet Sansom Harris,1713
1713,Jane Curtin,1714
1714,Teddy CaÃ±ez,1715
1715,Sam Rockwell,1716
1716,Caleb Landry Jones,1717
1717,Zachary Quinto,1718
1718,Paul Bettany,1719
1719,Letitia Wright,1720
1720,Yvonne Strahovski,1721
1721,Lucy Boynton,1722
1722,Gwilym Lee,1723
1723,Anton Lesser,1724
1724,Billy Dee Williams,1725
1725,Shawn Doyle,1726
1726,Dane DeHaan,1727
1727,Alex Russell,1728
1728,Michael Kelly,1729
1729,Tom Arnold,1730
1730,Elizabeth Berkley,1731
1731,Glenn Plummer,1732
1732,Nathan Fillion,1733
1733,Jeremy Sisto,1734
1734,Cheryl Hines,1735
1735,Lucy Paez,1736
1736,Joseph Fiennes,1737
1737,Jonathan Banks,1738
1738,Sidney Poitier,1739
1739,Judy Geeson,1740
1740,Christian Roberts,1741
1741,Suzy Kendall,1742
1742,Constance Wu,1743
1743,Henry Golding,1744
1744,John Bradley,1745
1745,Charlie Plummer,1746
1746,Chris Bauer,1747
1747,Hal Holbrook,1748
1748,Lily James,1749
1749,Elizabeth Perkins,1750
1750,Robert Loggia,1751
1751,Stacey Dash,1752
1752,Riccardo Scamarcio,1753
1753,Ruby Rose,1754
1754,Simon Russell Beale,1755
1755,Andrea Riseborough,1756
1756,Chris Farley,1757
1757,Rene Russo,1758
1758,Sam Heughan,1759
1759,CÃ©line Dion,1760
1760,Sofia Barclay,1761
1761,John Francis Daley,1762
1762,Julia Garner,1763
1763,Herbert Nordrum,1764
1764,Dylan River,1765
1765,Dougray Scott,1766
1766,Casper Van Dien,1767
1767,Denise Richards,1768
1768,Dina Meyer,1769
1769,Jake Busey,1770
1770,Zoey Deutch,1771
1771,Kendrick Sampson,1772
1772,Ray Nicholson,1773
1773,Shay Mitchell,1774
1774,Rupert Graves,1775
1775,Stephen Rea,1776
1776,Jake Picking,1777
1777,Kyle Allen,1778
1778,Ellen DeGeneres,1779
1779,Alexander Gould,1780
1780,Greta Gerwig,1781
1781,Madison Gaughan,1782
1782,Julie Delpy,1783
1783,Andrea Eckert,1784
1784,Hanno PÃ¶schl,1785
1785,Ricky Gervais,1786
1786,Dick Van Dyke,1787
1787,Lisa Bonet,1788
1788,Charlotte Rampling,1789
1789,Cara Delevingne,1790
1790,Rihanna,1791
1791,Layla Mohammadi,1792
1792,Niousha Noor,1793
1793,Kamand Shafieisabet,1794
1794,Bijan Daneshmand,1795
1795,Rebel Wilson,1796
1796,Anna Camp,1797
1797,Rory J Saper,1798
1798,Christian Stevens,1799
1799,Ashton Sanders,1800
1800,Orson Bean,1801
1801,Freida Pinto,1802
1802,Dieter Laser,1803
1803,Winter Williams,1804
1804,Ashlynn Yennie,1805
1805,Akihiro Kitamura,1806
1806,Skyler Gisondo,1807
1807,Steele Stebbins,1808
1808,Miyavi,1809
1809,Garrett Hedlund,1810
1810,Giancarlo Esposito,1811
1811,John Mahoney,1812
1812,Anthony Gonzalez,1813
1813,Benjamin Bratt,1814
1814,Alanna Ubach,1815
1815,Sean Harris,1816
1816,Jada Alberts,1817
1817,Cormac Wright,1818
1818,Elizabeth Berridge,1819
1819,Roy Dotrice,1820
1820,Kevin Bacon,1821
1821,Ben Burtt,1822
1822,Elissa Knight,1823
1823,Jeff Garlin,1824
1824,Fred Willard,1825
1825,Mia Wasikowska,1826
1826,Justin Henry,1827
1827,Michael Schoeffling,1828
1828,Jeremy Allen White,1829
1829,Rodrigo Santoro,1830
1830,Adrian Martinez,1831
1831,Heather Langenkamp,1832
1832,Robert Englund,1833
1833,Emily Browning,1834
1834,Paul Anderson,1835
1835,Fred MacMurray,1836
1836,Beulah Bondi,1837
1837,Elizabeth Patterson,1838
1838,Rachael Blake,1839
1839,Ewen Leslie,1840
1840,Bridgette Barrett,1841
1841,Will Patton,1842
1842,Wood Harris,1843
1843,Ryan Hurst,1844
1844,Mason Thames,1845
1845,Madeleine McGraw,1846
1846,Oaklee Pendergast,1847
1847,Jacob Tremblay,1848
1848,Sean Bridgers,1849
1849,Oliver Jackson-Cohen,1850
1850,Harriet Dyer,1851
1851,Kodi Smit-McPhee,1852
1852,Franz Rogowski,1853
1853,AdÃ¨le Exarchopoulos,1854
1854,Erwan Kepoa FalÃ©,1855
1855,Geoffrey Arend,1856
1856,Diedrich Bader,1857
1857,Richard Aaron Anderson,1858
1858,Jon Abrahams,1859
1859,Carmen Electra,1860
1860,Cole Hauser,1861
1861,Adam Devine,1862
1862,Ellen Barkin,1863
1863,Doug Jones,1864
1864,Ken Stott,1865
1865,Craig Ferguson,1866
1866,Elizabeth Berrington,1867
1867,Sarah Michelle Gellar,1868
1868,JÃ¼rgen Prochnow,1869
1869,Jaye Davidson,1870
1870,Viveca Lindfors,1871
1871,Lee Ross,1872
1872,Andi Osho,1873
1873,Natalia Reyes,1874
1874,Howie Mandel,1875
1875,Tony Randall,1876
1876,Mike Colter,1877
1877,Tony Goldwyn,1878
1878,Yoson An,1879
1879,Liev Schreiber,1880
1880,Hayden Christensen,1881
1881,Jeff Daniels,1882
1882,Lauren Holly,1883
1883,Mike Starr,1884
1884,David Hasselhoff,1885
1885,Maggie Q,1886
1886,Matthias Schoenaerts,1887
1887,Agnes O'Casey,1888
1888,Michael Kenneth Williams,1889
1889,Banks Repeta,1890
1890,Emilio Subercaseaux Campos,1891
1891,Jason Isaacs,1892
1892,Hiroyuki Sanada,1893
1893,Peter Dinklage,1894
1894,Evan Ellison,1895
1895,Madeleine Stowe,1896
1896,Russell Means,1897
1897,Eric Schweig,1898
1898,Edward Asner,1899
1899,Jordan Nagai,1900
1900,John Ratzenberger,1901
1901,Forest Whitaker,1902
1902,Anika Noni Rose,1903
1903,Jack Davenport,1904
1904,Bee Vang,1905
1905,Christopher Carley,1906
1906,Ahney Her,1907
1907,Vanessa Hudgens,1908
1908,Abbie Cornish,1909
1909,Maika Monroe,1910
1910,Keir Gilchrist,1911
1911,Olivia Luccardi,1912
1912,Lili Sepe,1913
1913,Jonathan Majors,1914
1914,Leonard Nimoy,1915
1915,Marilyn Burns,1916
1916,Edwin Neal,1917
1917,Allen Danziger,1918
1918,Paul A. Partain,1919
1919,Roger Moore,1920
1920,Carole Bouquet,1921
1921,Lynn-Holly Johnson,1922
1922,Aaron Pierre,1923
1923,Jordan Chodziesner,1924
1924,Jane Fonda,1925
1925,Candice Bergen,1926
1926,David Brisbin,1927
1927,Dawn Didawick,1928
1928,Robert Carlyle,1929
1929,Alexis Linkletter,1930
1930,Joe Manganiello,1931
1931,Danny Plaza,1932
1932,Amy Keum,1933
1933,Selma Blair,1934
1934,Matthew Davis,1935
1935,Michael Angarano,1936
1936,Danielle Panabaker,1937
1937,Daniel Zovatto,1938
1938,Alexandra Essoe,1939
1939,Franco Nero,1940
1940,Jason Clarke,1941
1941,Ang Phula Sherpa,1942
1942,Thomas M. Wright,1943
1943,Martin Henderson,1944
1944,Jodi Balfour,1945
1945,Orla Brady,1946
1946,Mike White,1947
1947,Joan Cusack,1948
1948,Adam Pascal,1949
1949,Buddy Duress,1950
1950,Penn Badgley,1951
1951,Dan Byrd,1952
1952,Mena Massoud,1953
1953,Naomi Scott,1954
1954,Marwan Kenzari,1955
1955,Nick Nolte,1956
1956,Jennifer Morrison,1957
1957,Maddie Hasson,1958
1958,Michole Briana White,1959
1959,Anna Chlumsky,1960
1960,Jennifer Grey,1961
1961,Jerry Orbach,1962
1962,Cynthia Rhodes,1963
1963,Robert Klein,1964
1964,Anthony LaPaglia,1965
1965,Sacha Baron Cohen,1966
1966,Gary Cole,1967
1967,Anne Archer,1968
1968,Patrick Bergin,1969
1969,Pat Morita,1970
1970,Elisabeth Shue,1971
1971,Martin Kove,1972
1972,Dana Hill,1973
1973,Jason Lively,1974
1974,Sasha Luss,1975
1975,AndrÃ© 3000,1976
1976,Todd-o-Phonic Todd,1977
1977,David Ogden Stiers,1978
1978,Kim Darby,1979
1979,Demian Slade,1980
1980,Emilie de Ravin,1981
1981,Caitlyn Rund,1982
1982,MoisÃ©s Acevedo,1983
1983,Olympia Dukakis,1984
1984,Clea DuVall,1985
1985,Taylor Kitsch,1986
1986,Wesley Snipes,1987
1987,Kris Kristofferson,1988
1988,N'Bushe Wright,1989
1989,Shawn Wayans,1990
1990,Busy Philipps,1991
1991,Maitland Ward,1992
1992,Shauna Macdonald,1993
1993,Natalie Mendoza,1994
1994,Alex Reid,1995
1995,Saskia Mulder,1996
1996,Bruce Spence,1997
1997,Michael Preston,1998
1998,Max Phipps,1999
1999,Sandahl Bergman,2000
2000,Pam Arlund,2001
2001,Dan Davis,2002
2002,Levi Davis,2003
2003,Daniel Everett,2004
2004,Jon Heder,2005
2005,Efren Ramirez,2006
2006,Jon Gries,2007
2007,Aaron Ruell,2008
2008,Evan Rachel Wood,2009
2009,Nikki Reed,2010
2010,AnnaSophia Robb,2011
2011,Christina Ricci,2012
2012,Bruce Dern,2013
2013,Lee Tergesen,2014
2014,Karl Urban,2015
2015,Olivia Thirlby,2016
2016,Rachel Wood,2017
2017,Kaitlin Olson,2018
2018,Matt Cook,2019
2019,Ernie Hudson,2020
2020,Caitlin Zerra Rose,2021
2021,Roy Wood Jr.,2022
2022,Ayden Mayeri,2023
2023,Scott Mechlowicz,2024
2024,Jacob Pitts,2025
2025,Travis Wester,2026
2026,Gina Torres,2027
2027,Sarah Butler,2028
2028,Jeff Branson,2029
2029,Andrew Howard,2030
2030,Daniel Franzese,2031
2031,Queen Latifah,2032
2032,LL Cool J,2033
2033,Timothy Hutton,2034
2034,Billy Crystal,2035
2035,Mary Gibbs,2036
2036,Eric Stoltz,2037
2037,Estelle Getty,2038
2038,James Rebhorn,2039
2039,Mackenyu,2040
2040,Madison Iseman,2041
2041,Diego Tinoco,2042
2042,Shelley Winters,2043
2043,Millicent Martin,2044
2044,Julia Foster,2045
2045,Brooklyn Decker,2046
2046,Sophie Thatcher,2047
2047,Vivien Lyra Blair,2048
2048,Mara Huf,2049
2049,Miles Barrow,2050
2050,Rick Yune,2051
2051,Alana Haim,2052
2052,Cooper Hoffman,2053
2053,Tom Waits,2054
2054,Richard Bohringer,2055
2055,Alan Howard,2056
2056,Kelsey Grammer,2057
2057,Richard Farnsworth,2058
2058,Frances Sternhagen,2059
2059,Ron Glass,2060
2060,Mandy Moore,2061
2061,Donna Murphy,2062
2062,Ron Perlman,2063
2063,Jonathan Pryce,2064
2064,Teri Hatcher,2065
2065,John Huston,2066
2066,Perry Lopez,2067
2067,David Tomlinson,2068
2068,Glynis Johns,2069
2069,DemiÃ¡n Bichir,2070
2070,Bonnie Aarons,2071
2071,Jon Batiste,2072
2072,Suleika Jaouad,2073
2073,Louis Cato,2074
2074,Stephen Colbert,2075
2075,Harvey Fierstein,2076
2076,Bruno Kirby,2077
2077,Sadie Sandler,2078
2078,Ryan Phillippe,2079
2079,Bruce Boxleitner,2080
2080,Charles S. Dutton,2081
2081,Catherine Zeta-Jones,2082
2082,Jacob Vargas,2083
2083,Reginald Owen,2084
2084,Gene Lockhart,2085
2085,Kathleen Lockhart,2086
2086,Terry Kilburn,2087
2087,Samantha Morton,2088
2088,Doris Hick,2089
2089,Malgorzata Bela,2090
2090,Linda May,2091
2091,Gay DeForest,2092
2092,David Thewlis,2093
2093,Josh Hamilton,2094
2094,MarchÃ¡nt Davis,2095
2095,Benny Elledge,2096
2096,Jacob Lofland,2097
2097,Christopher Lambert,2098
2098,Roxanne Hart,2099
2099,William Lee Scott,2100
2100,Kim Greist,2101
2101,Katherine Helmond,2102
2102,Isabella Rossellini,2103
2103,Thomas Haden Church,2104
2104,Clark Duke,2105
2105,Chris Cooper,2106
2106,Julia Greer,2107
2107,Azhy Robertson,2108
2108,Miranda Otto,2109
2109,Marc Maron,2110
2110,Craig Robinson,2111
2111,Richard Philipps,2112
2112,Fernanda Dorogi,2113
2113,Kriszta Dorogi,2114
2114,DÃ¡niel MogÃ¡cs,2115
2115,Casey Affleck,2116
2116,Omar Sy,2117
2117,Cara Gee,2118
2118,Cole Konis,2119
2119,Denis Leary,2120
2120,Ray Romano,2121
2121,Goran Visnjic,2122
2122,Eliza Dushku,2123
2123,Emmanuelle Chriqui,2124
2124,Desmond Harrington,2125
2125,Pablo Schreiber,2126
2126,Kristen Connolly,2127
2127,Anna Hutchison,2128
2128,Fran Kranz,2129
2129,Mary McCormack,2130
2130,Jason Flemyng,2131
2131,Dexter Fletcher,2132
2132,Nick Moran,2133
2133,John Hodgman,2134
2134,Jennifer Saunders,2135
2135,Juliet Rylance,2136
2136,James Ransone,2137
2137,Fred Thompson,2138
2138,Noah Hathaway,2139
2139,Barret Oliver,2140
2140,Tami Stronach,2141
2141,Gerald McRaney,2142
2142,Teddy Geiger,2143
2143,Rodney A. Grant,2144
2144,David Bennent,2145
2145,Brenton Thwaites,2146
2146,Karina Arroyave,2147
2147,Charlie Tahan,2148
2148,Salli Richardson-Whitfield,2149
2149,Alfred Molina,2150
2150,Zack Gottsagen,2151
2151,Ann Pierce,2152
2152,Anna Friel,2153
2153,Irrfan Khan,2154
2154,Melanie Vallejo,2155
2155,Steve Danielsen,2156
2156,Abby Craden,2157
2157,Holt McCallany,2158
2158,Rocci Boy Williams,2159
2159,Tim Blake Nelson,2160
2160,Willie Watson,2161
2161,Danny McCarthy,2162
2162,Rob Corddry,2163
2163,Andy Samberg,2164
2164,Leighton Meester,2165
2165,Greg Kinnear,2166
2166,Abigail Breslin,2167
2167,Kiefer Sutherland,2168
2168,Garrett M. Brown,2169
2169,Demi Moore,2170
2170,Cynthia Erivo,2171
2171,Glen Powell,2172
2172,Adria Arjona,2173
2173,Retta,2174
2174,Austin Amelio,2175
2175,Simu Liu,2176
2176,Tony Leung Chiu-wai,2177
2177,Mads Mikkelsen,2178
2178,Katheryn Winnick,2179
2179,Fei Ren,2180
2180,Rinko Kikuchi,2181
2181,Billy Connolly,2182
2182,Christine Taylor,2183
2183,Rip Torn,2184
2184,Alison Sudol,2185
2185,Kate Ashfield,2186
2186,Corbin Bernsen,2187
2187,Jemaine Clement,2188
2188,Cori Gonzalez-Macuer,2189
2189,Jonny Brugh,2190
2190,Michael Parks,2191
2191,Genesis Rodriguez,2192
2192,Jared Harris,2193
2193,Joe Morton,2194
2194,Chris O'Donnell,2195
2195,Gabrielle Anwar,2196
2196,John Doman,2197
2197,Faith Wladyka,2198
2198,Matt Helm,2199
2199,Laurence Olivier,2200
2200,Juliette Binoche,2201
2201,Kristin Scott Thomas,2202
2202,Astrid BergÃ¨s-Frisbey,2203
2203,Djimon Hounsou,2204
2204,Ilan Mitchell-Smith,2205
2205,Kelly LeBrock,2206
2206,Charlotte Gainsbourg,2207
2207,Jonas Karlsson,2208
2208,Natasha Richardson,2209
2209,Elaine Hendrix,2210
2210,Lesley Manville,2211
2211,Julie Vollono,2212
2212,Ki Hong Lee,2213
2213,Sean Biggerstaff,2214
2214,Michelle Ryan,2215
2215,Erica Ellis,2216
2216,Anjelica Huston,2217
2217,Raul Julia,2218
2218,Dan Hedaya,2219
2219,Taye Diggs,2220
2220,Patricia Clarkson,2221
2221,Jenna Elfman,2222
2222,Scott Shepherd,2223
2223,Ava Cooper,2224
2224,Stella Cooper,2225
2225,Olga Kurylenko,2226
2226,Julio Cesar Cedillo,2227
2227,Veronica FalcÃ³n,2228
2228,Leslie Bibb,2229
2229,Kim Cattrall,2230
2230,Izabela Vidovic,2231
2231,Danny Huston,2232
2232,Nicholas Braun,2233
2233,Fionnula Flanagan,2234
2234,Alakina Mann,2235
2235,Doris Day,2236
2236,Brenda de Banzie,2237
2237,Bernard Miles,2238
2238,Ray Stevenson,2239
2239,Tomoko Yamaguchi,2240
2240,Sofia Carson,2241
2241,Chosen Jacobs,2242
2242,John Harlan Kim,2243
2243,Brian Dennehy,2244
2244,Richard Crenna,2245
2245,Adewale Akinnuoye-Agbaje,2246
2246,Lewis Tan,2247
2247,Jessica McNamee,2248
2248,Josh Lawson,2249
2249,Joe Taslim,2250
2250,Larry Wilmore,2251
2251,Grace Kelly,2252
2252,Wendell Corey,2253
2253,Thelma Ritter,2254
2254,Peter O'Toole,2255
2255,Anthony Quinn,2256
2256,Jack Hawkins,2257
2257,Daniel BrÃ¼hl,2258
2258,Alexandra Maria Lara,2259
2259,Daryl McCormack,2260
2260,Isabella Laughland,2261
2261,Les Mabaleka,2262
2262,Rodney Dangerfield,2263
2263,Camille Cottin,2264
2264,Lilou Siauvaud,2265
2265,Mark Webber,2266
2266,Schuyler Fisk,2267
2267,Peter Sellers,2268
2268,Sterling Hayden,2269
2269,Keenan Wynn,2270
2270,Charlotte Vega,2271
2271,Adain Bradley,2272
2272,Emma Dumont,2273
2273,Kelly Lynch,2274
2274,Ben Gazzara,2275
2275,Franka Potente,2276
2276,Tone Loc,2277
2277,Ashton Kutcher,2278
2278,Melora Walters,2279
2279,Elden Henson,2280
2280,Sebastian Stan,2281
2281,Christopher Fitzgerald,2282
2282,Jonathan Roumie,2283
2283,Chris Tucker,2284
2284,Billy Boyd,2285
2285,James D'Arcy,2286
2286,Selena Gomez,2287
2287,Ashley Benson,2288
2288,Rachel Korine,2289
2289,Paige O'Hara,2290
2290,Robby Benson,2291
2291,Jesse Corti,2292
2292,Rex Everhart,2293
2293,Sarah Polley,2294
2294,Michael Beck,2295
2295,Dorsey Wright,2296
2296,Brian Tyler,2297
2297,Keith Gordon,2298
2298,John Stockwell,2299
2299,Alexandra Paul,2300
2300,Robert Prosky,2301
2301,Sharlto Copley,2302
2302,David James,2303
2303,Jason Cope,2304
2304,Nathalie Boltt,2305
2305,Vincent Spano,2306
2306,Bruce Ramsay,2307
2307,Maria Conchita Alonso,2308
2308,Yaphet Kotto,2309
2309,Jim Brown,2310
2310,Pam Grier,2311
2311,Robert Forster,2312
2312,Bridget Fonda,2313
2313,Jason Mitchell,2314
2314,Neil Brown Jr.,2315
2315,Aileen Quinn,2316
2316,Carol Burnett,2317
2317,Ann Reinking,2318
2318,Jessica Lange,2319
2319,Cobie Smulders,2320
2320,Robert Knepper,2321
2321,Walker Scobell,2322
2322,Brooke Langton,2323
2323,Orlando Jones,2324
2324,Amanda Peet,2325
2325,Eva Marie Saint,2326
2326,James Mason,2327
2327,Jessie Royce Landis,2328
2328,Yvonne Zima,2329
2329,Craig Bierko,2330
2330,Ted Knight,2331
2331,Vinette Robinson,2332
2332,Alice Feetham,2333
2333,Ray Panthaki,2334
2334,James Fleet,2335
2335,Simon Callow,2336
2336,Devon Sawa,2337
2337,Ali Larter,2338
2338,Kerr Smith,2339
2339,Kristen Cloke,2340
2340,Helen Hunt,2341
2341,Paul Sanchez,2342
2342,Lari White,2343
2343,Kelly Reilly,2344
2344,Tara Ellis,2345
2345,Charles Martin Smith,2346
2346,Charlton Heston,2347
2347,Roddy McDowall,2348
2348,Kim Hunter,2349
2349,Maurice Evans,2350
2350,Ritu Arya,2351
2351,William Hurt,2352
2352,Dermot Crowley,2353
2353,Romany Malco,2354
2354,Walter Matthau,2355
2355,Paula Patton,2356
2356,Mary-Louise Parker,2357
2357,Will Yun Lee,2358
2358,Tao Okamoto,2359
2359,Rila Fukushima,2360
2360,Jon Favreau,2361
2361,Lin Shaye,2362
2362,Ken Davitian,2363
2363,Luenell,2364
2364,Chester,2365
2365,Quintessa Swindell,2366
2366,Esai Morales,2367
2367,Kieran Hodgson,2368
2368,Pearl Chanda,2369
2369,Gregory Cox,2370
2370,Farrah Mackenzie,2371
2371,Lara Flynn Boyle,2372
2372,Elizabeth Hurley,2373
2373,Michael York,2374
2374,Mimi Rogers,2375
2375,Tate Donovan,2376
2376,Susan Egan,2377
2377,Barbara Barrie,2378
2378,Stephanie Faracy,2379
2379,Ben Barnes,2380
2380,Travis Tedford,2381
2381,Bug Hall,2382
2382,Brittany Ashton Holmes,2383
2383,Kevin Jamal Woods,2384
2384,Roddy Piper,2385
2385,Meg Foster,2386
2386,George 'Buck' Flower,2387
2387,Matthew Perry,2388
2388,Thomas Lennon,2389
2389,Mia Farrow,2390
2390,John Cassavetes,2391
2391,Ruth Gordon,2392
2392,Sidney Blackmer,2393
2393,Jeffrey Donovan,2394
2394,Paolo Bonacelli,2395
2395,Violante Placido,2396
2396,Irina BjÃ¶rklund,2397
2397,Abigail Cowen,2398
2398,Tom Lewis,2399
2399,Steve Railsback,2400
2400,Mathilda May,2401
2401,Peter Firth,2402
2402,Adam Arkin,2403
2403,Cassandra Violet,2404
2404,Tadanobu Asano,2405
2405,Frances O'Connor,2406
2406,Sam Robards,2407
2407,Francesc Albiol,2408
2408,Nikolaj Coster-Waldau,2409
2409,Ned Beatty,2410
2410,Bud Cort,2411
2411,Ruth Negga,2412
2412,Seth Green,2413
2413,John Gallagher Jr.,2414
2414,Douglas M. Griffin,2415
2415,Maria Schneider,2416
2416,Maria Michi,2417
2417,Giovanna Galletti,2418
2418,John Malkovich,2419
2419,Maddie Ziegler,2420
2420,Niles Fitch,2421
2421,Will Ropp,2422
2422,Cathy Moriarty,2423
2423,Frank Vincent,2424
2424,Kevin Kline,2425
2425,Rosanna Arquette,2426
2426,Rosalie Chiang,2427
2427,Ava Morse,2428
2428,Hyein Park,2429
2429,Phylicia Rashad,2430
2430,Sean Lynch,2431
2431,Arielle Carver-O'Neill,2432
2432,Jesse Bradford,2433
2433,Gabrielle Union,2434
2434,Aidan Quinn,2435
2435,Asa Butterfield,2436
2436,Rupert Friend,2437
2437,Zac Mattoon O'Brien,2438
2438,Christopher McDonald,2439
2439,Julie Bowen,2440
2440,Frances Bay,2441
2441,Isabelle Adjani,2442
2442,Margit Carstensen,2443
2443,Heinz Bennent,2444
2444,Kevin James,2445
2445,Verna Bloom,2446
2446,Marianna Hill,2447
2447,Milo Ventimiglia,2448
2448,Jackie Minns,2449
2449,Marcus Hondro,2450
2450,Annie Potts,2451
2451,Tony Hale,2452
2452,Lake Bell,2453
2453,Thanawut Ketsaro,2454
2454,Graham Chapman,2455
2455,John Cleese,2456
2456,Eric Idle,2457
2457,Terry Gilliam,2458
2458,John Carroll Lynch,2459
2459,Katee Sackhoff,2460
2460,Jordi MollÃ ,2461
2461,Montgomery Clift,2462
2462,Elizabeth Taylor,2463
2463,Anne Revere,2464
2464,Christopher Evan Welch,2465
2465,Imogen Poots,2466
2466,Stephen Merchant,2467
2467,Ross Malinger,2468
2468,Orson Welles,2469
2469,Joseph Cotten,2470
2470,Dorothy Comingore,2471
2471,Agnes Moorehead,2472
2472,Eric Johnson,2473
2473,Tika Sumpter,2474
2474,Dylan Sprouse,2475
2475,Louise Lombard,2476
2476,Christopher Adamson,2477
2477,JB Blanc,2478
2478,Briana Middleton,2479
2479,Ice Cube,2480
2480,Nia Long,2481
2481,Tom Lister Jr.,2482
2482,Aitana SÃ¡nchez-GijÃ³n,2483
2483,John Sharian,2484
2484,Alex Pettyfer,2485
2485,Dianna Agron,2486
2486,Klaus Maria Brandauer,2487
2487,Kyra Sedgwick,2488
2488,Alan Arkin,2489
2489,Lily Collins,2490
2490,Christian Cooke,2491
2491,Jaime Winstone,2492
2492,Joan Allen,2493
2493,Taylor Lautner,2494
2494,Peter Facinelli,2495
2495,Mette Narrative,2496
2496,Aleyse Shannon,2497
2497,Lily Donoghue,2498
2498,Brittany O'Grady,2499
2499,Kirk Acevedo,2500
2500,John Gumley-Mason,2501
2501,Stephen Knox,2502
2502,Joaquim de Almeida,2503
2503,Cleavon Little,2504
2504,Slim Pickens,2505
2505,Harvey Korman,2506
2506,Jojo T. Gibbs,2507
2507,Andrea Bang,2508
2508,Ronee Blakley,2509
2509,Jami Gertz,2510
2510,Abe Vigoda,2511
2511,Pete Postlethwaite,2512
2512,Breckin Meyer,2513
2513,Vince Vieluf,2514
2514,Sissy Spacek,2515
2515,Piper Laurie,2516
2516,Amy Irving,2517
2517,Alistair Abell,2518
2518,Isaiah Mustafa,2519
2519,Monica Bellucci,2520
2520,Sophia Nomvete,2521
2521,Alessandro Bressanello,2522
2522,Kim Novak,2523
2523,Barbara Bel Geddes,2524
2524,Tom Helmore,2525
2525,Millicent Simmonds,2526
2526,Lauren London,2527
2527,Julia Louis-Dreyfus,2528
2528,Lois Chiles,2529
2529,Michael Lonsdale,2530
2530,Richard Kiel,2531
2531,Michael Ontkean,2532
2532,Strother Martin,2533
2533,Jennifer Warren,2534
2534,Colm Meaney,2535
2535,Jada Pinkett Smith,2536
2536,Gore Vidal,2537
2537,Judy Davis,2538
2538,Robert J. Steinmiller Jr.,2539
2539,MicheÃ¡l Neeson,2540
2540,Michael Eklund,2541
2541,Chi McBride,2542
2542,Jason Robards,2543
2543,Erdil Yasaroglu,2544
2544,Sarah Houbolt,2545
2545,Sarah Gadon,2546
2546,Steve Guttenberg,2547
2547,G.W. Bailey,2548
2548,Bubba Smith,2549
2549,Shannen Doherty,2550
2550,Lisanne Falk,2551
2551,Josh Zuckerman,2552
2552,Amanda Crew,2553
2553,Parker Posey,2554
2554,Maude Apatow,2555
2555,Iris Apatow,2556
2556,Lee Evans,2557
2557,Bryon Lerum,2558
2558,Ryder Lerum,2559
2559,Rudhraksh Jaiswal,2560
2560,Steve Wiebe,2561
2561,Colm Feore,2562
2562,John Spencer,2563
2563,Audrey Tautou,2564
2564,Lindsay Duncan,2565
2565,Jacob Ward,2566
2566,Sadie Stanley,2567
2567,Neal McDonough,2568
2568,Leslie Easterbrook,2569
2569,Christopher Severio,2570
2570,Eugenio Derbez,2571
2571,Eva Longoria,2572
2572,Samantha Isler,2573
2573,Annalise Basso,2574
2574,Derek Jacobi,2575
2575,Nadine Velazquez,2576
2576,Jon Bon Jovi,2577
2577,Frank Whaley,2578
2578,Kieran Mulroney,2579
2579,Dennis Dun,2580
2580,James Hong,2581
2581,Barbara Hershey,2582
2582,James Van Der Beek,2583
2583,Ron Lester,2584
2584,Charles Grodin,2585
2585,Ursula Andress,2586
2586,Bernard Lee,2587
2587,Joseph Wiseman,2588
2588,William Petersen,2589
2589,Amy Brenneman,2590
2590,Isabelle Fuhrman,2591
2591,CCH Pounder,2592
2592,Scott Speedman,2593
2593,Armin Mueller-Stahl,2594
2594,Josef Altin,2595
2595,David Schwimmer,2596
2596,Mena Suvari,2597
2597,Caterina Murino,2598
2598,Carmen Maura,2599
2599,Jeremy London,2600
2600,Kagiso Kuypers,2601
2601,Lee Van Cleef,2602
2602,Ernest Borgnine,2603
2603,Donald Pleasence,2604
2604,John Turturro,2605
2605,Elias Koteas,2606
2606,Edward Herrmann,2607
2607,Mel Brooks,2608
2608,Rick Moranis,2609
2609,Peter MacNicol,2610
2610,Rita Karin,2611
2611,Paul McGann,2612
2612,Natalie Wood,2613
2613,George Chakiris,2614
2614,Richard Beymer,2615
2615,Russ Tamblyn,2616
2616,Bert Kreischer,2617
2617,Iva Babic,2618
2618,Rae Dawn Chong,2619
2619,Vernon Wells,2620
2620,Helmut Qualtinger,2621
2621,Elya Baskin,2622
2622,Kiera Allen,2623
2623,Sara Sohn,2624
2624,Pat Healy,2625
2625,Margaret Whitton,2626
2626,David Margulies,2627
2627,Regina King,2628
2628,Columbus Short,2629
2629,Delroy Lindo,2630
2630,KiKi Layne,2631
2631,Emily Tosta,2632
2632,Beth Grant,2633
2633,Ric Reitz,2634
2634,Daniel York,2635
2635,Patcharawan Patarakijjanon,2636
2636,Camila Cabello,2637
2637,Billy Porter,2638
2638,Danielle Ryan,2639
2639,Molly McCann,2640
2640,Gene Kelly,2641
2641,Donald O'Connor,2642
2642,Debbie Reynolds,2643
2643,Jean Hagen,2644
2644,Anton Yelchin,2645
2645,Moon Bloodgood,2646
2646,Orto Ignatiussen,2647
2647,Brad Renfro,2648
2648,Lori Singer,2649
2649,Will Arnett,2650
2650,William Fichtner,2651
2651,Noel Fisher,2652
2652,Anthony Mackie,2653
2653,Brian Geraghty,2654
2654,Robert Redford,2655
2655,Claire Foy,2656
2656,Beau Gadsdon,2657
2657,Sverrir Gudnason,2658
2658,Jackson A. Dunn,2659
2659,Abraham Clinkscales,2660
2660,Michelle Nolden,2661
2661,Seann William Scott,2662
2662,Paulo Costanzo,2663
2663,Sebastian Koch,2664
2664,Paul Bates,2665
2665,Garcelle Beauvais,2666
2666,Feather,2667
2667,Ron Howard,2668
2668,Paul Le Mat,2669
2669,Sasha Lane,2670
2670,Elle Fanning,2671
2671,AJ Michalka,2672
2672,Joel Courtney,2673
2673,Riley Keough,2674
2674,Callie Hernandez,2675
2675,Derek Richardson,2676
2676,Eythor Gudjonsson,2677
2677,Barbara Nedeljakova,2678
2678,Thuso Mbedu,2679
2679,Lashana Lynch,2680
2680,Sheila Atim,2681
2681,Scott Weinger,2682
2682,Linda Larkin,2683
2683,Jonathan Freeman,2684
2684,Rhona Mitra,2685
2685,Diana Silvers,2686
2686,McKaley Miller,2687
2687,Jaden Smith,2688
2688,Brian Howe,2689
2689,Kathy Najimy,2690
2690,Brandon Lee,2691
2691,Rochelle Davis,2692
2692,David Spade,2693
2693,Eartha Kitt,2694
2694,Patrick Warburton,2695
2695,Christian Stolte,2696
2696,Katherine Heigl,2697
2697,Maryam d'Abo,2698
2698,Jeroen KrabbÃ©,2699
2699,Joe Don Baker,2700
2700,Aaron Paul,2701
2701,Matt Jones,2702
2702,Charles Baker,2703
2703,Hector Elizondo,2704
2704,Heather Matarazzo,2705
2705,Merab Ninidze,2706
2706,Rachel Brosnahan,2707
2707,Vladimir Chuprikov,2708
2708,Dan Monahan,2709
2709,Mark Herrier,2710
2710,Wyatt Knight,2711
2711,Roger Wilson,2712
2712,Judith Hoag,2713
2713,Josh Pais,2714
2714,David Forman,2715
2715,Stephen Campbell Moore,2716
2716,Michael Fox,2717
2717,Lesley Nicol,2718
2718,Sophie McShera,2719
2719,Henry Winkler,2720
2720,Fairuza Balk,2721
2721,Adam Goldberg,2722
2722,Maia Brewton,2723
2723,Keith Coogan,2724
2724,Anthony Rapp,2725
2725,Tudor Petrut,2726
2726,Sophie Cookson,2727
2727,Nigel Havers,2728
2728,Tom Guiry,2729
2729,Mike Vitar,2730
2730,Art LaFleur,2731
2731,Patrick Renna,2732
2732,Fred Hechinger,2733
2733,Jeremy Bobb,2734
2734,Paul Raci,2735
2735,Marty Feldman,2736
2736,Rob Reiner,2737
2737,Christopher Guest,2738
2738,Kimberly Stringer,2739
2739,Robin Tunney,2740
2740,Rachel True,2741
2741,Toby Kebbell,2742
2742,Nazanin Boniadi,2743
2743,Cab Calloway,2744
2744,Richard Roxburgh,2745
2745,Shuler Hensley,2746
2746,Nick Offerman,2747
2747,Penelope Allen,2748
2748,Sully Boyar,2749
2749,Barbara Bach,2750
2750,Curd JÃ¼rgens,2751
2751,Shane Brolly,2752
2752,Matt Walsh,2753
2753,Ben Falcone,2754
2754,Tina Turner,2755
2755,Adam Cockburn,2756
2756,David Dorfman,2757
2757,John Hawkes,2758
2758,Daniel Wu,2759
2759,Christina Vidal,2760
2760,Bridgette Wilson-Sampras,2761
2761,Sean Patrick Flanery,2762
2762,Norman Reedus,2763
2763,David Della Rocco,2764
2764,Kit Young,2765
2765,Sophia Anne Caruso,2766
2766,Liam Woon,2767
2767,Isaiah Stone,2768
2768,Lukas Haas,2769
2769,Josef Sommer,2770
2770,Blythe Auffarth,2771
2771,Blanche Baker,2772
2772,Kevin Chamberlin,2773
2773,Izzy Meikle-Small,2774
2774,Richard Lewis,2775
2775,Roger Rees,2776
2776,Amy Yasbeck,2777
2777,Beanie Feldstein,2778
2778,Jessica Williams,2779
2779,Ernie Dingo,2780
2780,Lauren Bacall,2781
2781,Harriet Andersson,2782
2782,Ming-Na Wen,2783
2783,BD Wong,2784
2784,Miguel Ferrer,2785
2785,Valeria Golino,2786
2786,Gerald R. Molen,2787
2787,Jorge Lendeborg Jr.,2788
2788,Jason Drucker,2789
2789,Kurt Fuller,2790
2790,Matt Long,2791
2791,William Baldwin,2792
2792,Teyana Taylor,2793
2793,Aaron Kingsley Adetola,2794
2794,Aven Courtney,2795
2795,Josiah Cross,2796
2796,Amanda Donohoe,2797
2797,Jennifer Tilly,2798
2798,Jenna Fischer,2799
2799,Anders Holm,2800
2800,Bruno Campos,2801
2801,Harry Dean Stanton,2802
2802,Nastassja Kinski,2803
2803,Dean Stockwell,2804
2804,Sam Berry,2805
2805,Keisha Castle-Hughes,2806
2806,Shohreh Aghdashloo,2807
2807,Hiam Abbass,2808
2808,Elodie Yung,2809
2809,Jon Lovitz,2810
2810,Dana Carvey,2811
2811,Richard B. Shull,2812
2812,Haley Bennett,2813
2813,Jet Li,2814
2814,Anne Bancroft,2815
2815,Katharine Ross,2816
2816,Richard E. Grant,2817
2817,Stephen McMillan,2818
2818,Lee Marvin,2819
2819,Charles Bronson,2820
2820,Lisa Thoreson,2821
2821,Florence Kastriner,2822
2822,Colin Hanks,2823
2823,Kat Dennings,2824
2824,Jeremy Sumpter,2825
2825,Lynn Redgrave,2826
2826,Deanna Dunagan,2827
2827,Peter McRobbie,2828
2828,Dale Black,2829
2829,Dean Braxton,2830
2830,John Burke,2831
2831,Chetavious Davis,2832
2832,Matthias SchweighÃ¶fer,2833
2833,Nathalie Emmanuel,2834
2834,Ruby O. Fee,2835
2835,Stuart Martin,2836
2836,Andrew McCarthy,2837
2837,Mary Stuart Masterson,2838
2838,Liam Aiken,2839
2839,Casey Likes,2840
2840,Emyri Crutchfield,2841
2841,Dustin Ceithamer,2842
2842,Alejandro Akara,2843
2843,George Lazenby,2844
2844,Telly Savalas,2845
2845,Gabriele Ferzetti,2846
2846,Kal Penn,2847
2847,John Cho,2848
2848,Dev Patel,2849
2849,Saurabh Shukla,2850
2850,Anil Kapoor,2851
2851,John Phillip Law,2852
2852,Anita Pallenberg,2853
2853,Milo O'Shea,2854
2854,Eve Hewson,2855
2855,OrÃ©n Kinlan,2856
2856,Marcella Plunkett,2857
2857,Jessica Tandy,2858
2858,June Squibb,2859
2859,Sonia Manzano,2860
2860,Carlease Burke,2861
2861,Jason Segel,2862
2862,Pilou AsbÃ¦k,2863
2863,Takeshi Kitano,2864
2864,Max Burkholder,2865
2865,Adelaide Kane,2866
2866,Quinton Aaron,2867
2867,Tim McGraw,2868
2868,Jae Head,2869
2869,Bingbing Fan,2870
2870,Gene Bervoets,2871
2871,Eliza Stuyck,2872
2872,Andrew Blumenthal,2873
2873,Patrick Godfrey,2874
2874,Natasha Henstridge,2875
2875,Roberta Maxwell,2876
2876,Buzz Kilman,2877
2877,Wendi McLendon-Covey,2878
2878,Kevin Nealon,2879
2879,Dakota Goyo,2880
2880,Simon Rex,2881
2881,Bree Elrod,2882
2882,Suzanna Son,2883
2883,Brenda Deiss,2884
2884,Gregory Peck,2885
2885,John Megna,2886
2886,Frank Overton,2887
2887,Rosemary Murphy,2888
2888,Sarah Vowell,2889
2889,Huck Milner,2890
2890,Miriam Shor,2891
2891,Martin Donovan,2892
2892,Marie-JosÃ©e Croze,2893
2893,Brady Corbet,2894
2894,Samantha Mathis,2895
2895,Anthony Anderson,2896
2896,Mongo Brownlee,2897
2897,Cristin Milioti,2898
2898,Iliza Shlesinger,2899
2899,Ryan Potter,2900
2900,Scott Adsit,2901
2901,Jamie Chung,2902
2902,Gustavo Escobar,2903
2903,Aimee Lou Wood,2904
2904,Alex Sharp,2905
2905,Adrian Rawlins,2906
2906,Martin Lawrence,2907
2907,Lisa Boyle,2908
2908,Michael Taliferro,2909
2909,Bertie Carvel,2910
2910,Edgar RamÃ­rez,2911
2911,Pat Hingle,2912
2912,Gabriel Damon,2913
2913,Helen Shaver,2914
2914,Bill Erwin,2915
2915,Rory Culkin,2916
2916,David Naughton,2917
2917,Jenny Agutter,2918
2918,Joe Belcher,2919
2919,Griffin Dunne,2920
2920,Steve Lantz,2921
2921,Gregg Weiner,2922
2922,Shawn Ashmore,2923
2923,Emma Bell,2924
2924,Kevin Zegers,2925
2925,Ed Ackerman,2926
2926,Michael Palin,2927
2927,Kelly Marie Tran,2928
2928,Izaac Wang,2929
2929,Christopher Denham,2930
2930,Clemens Schick,2931
2931,Manuel Garcia-Rulfo,2932
2932,Marie Wagenman,2933
2933,Lora Martinez-Cunningham,2934
2934,Scoot McNairy,2935
2935,Christina Jastrzembska,2936
2936,Joanna Cassidy,2937
2937,Charles Fleischer,2938
2938,Yasiin Bey,2939
2939,Emily Watson,2940
2940,Tracey Ullman,2941
2941,Stephen Dillane,2942
2942,Ioan Gruffudd,2943
2943,Heather Donahue,2944
2944,Michael C. Williams,2945
2945,Joshua Leonard,2946
2946,Bob Griffin,2947
2947,Joanne Whalley,2948
2948,Warwick Davis,2949
2949,Jean Marsh,2950
2950,Stephen Boyd,2951
2951,Haya Harareet,2952
2952,Lulu Wilson,2953
2953,Denise Burse,2954
2954,Jill Larson,2955
2955,Mike Vogel,2956
2956,Jessica Lucas,2957
2957,Jack Nielen,2958
2958,Allen Covert,2959
2959,Ryan McCluskey,2960
2960,Oscar Pearce,2961
2961,Owen Teague,2962
2962,Tony Moran,2963
2963,Nancy Kyes,2964
2964,Gabriel Macht,2965
2965,Charles Malik Whitfield,2966
2966,Catherine McCormack,2967
2967,Dave Franco,2968
2968,Dominique McElligott,2969
2969,Rosie Shaw,2970
2970,Dakota Blue Richards,2971
2971,Ben Walker,2972
2972,James DuMont,2973
2973,Tom Wilson,2974
2974,Glenn Close,2975
2975,Ellen Latzen,2976
2976,Sullivan Stapleton,2977
2977,Hans Matheson,2978
2978,Keith Carradine,2979
2979,Frances Faye,2980
2980,Nigel Hawthorne,2981
2981,Tyler Posey,2982
2982,Crystal Reed,2983
2983,Holland Roden,2984
2984,Tyler Hoechlin,2985
2985,Alisha Weir,2986
2986,Philip Baker Hall,2987
2987,Shane West,2988
2988,Shaquille O'Neal,2989
2989,Ally Walker,2990
2990,James Acheson,2991
2991,Maluma,2992
2992,Jill St. John,2993
2993,Charles Gray,2994
2994,Lana Wood,2995
2995,Suraj Sharma,2996
2996,Adil Hussain,2997
2997,Tabu,2998
2998,Michael Mantell,2999
2999,Jackson White,3000
3000,Natalie Alyn Lind,3001
3001,Forrest Goodluck,3002
3002,Isabella LaBlanc,3003
3003,Thomas Mann,3004
3004,Oliver Cooper,3005
3005,Jonathan Daniel Brown,3006
3006,Dax Flame,3007
3007,Lauren Ridloff,3008
3008,Rose McGowan,3009
3009,Adam Campbell,3010
3010,Minnie Driver,3011
3011,Brian Blessed,3012
3012,Linh-Dan Pham,3013
3013,Hera Hilmar,3014
3014,Robert Sheehan,3015
3015,Jihae,3016
3016,Stacy Keach,3017
3017,Zed Josef,3018
3018,Henry Goodman,3019
3019,Olivia Brody,3020
3020,Tian Jing,3021
3021,Andy Lau,3022
3022,Audrey Hepburn,3023
3023,George Peppard,3024
3024,Patricia Neal,3025
3025,Buddy Ebsen,3026
3026,J.E. Freeman,3027
3027,Kirk Douglas,3028
3028,Jean Simmons,3029
3029,Charles Laughton,3030
3030,Aimee Garcia,3031
3031,Deja Monique Cruz,3032
3032,Gabriel Sloyer,3033
3033,FranÃ§ois Truffaut,3034
3034,Teri Garr,3035
3035,Andrew Robinson,3036
3036,Clare Higgins,3037
3037,Ashley Laurence,3038
3038,Sean Chapman,3039
3039,Corey Burton,3040
3040,Claudia Christian,3041
3041,Kelly Macdonald,3042
3042,Josh O'Connor,3043
3043,Christopher Abbott,3044
3044,Margaret Qualley,3045
3045,Francisco Castaneda,3046
3046,Kathie Young,3047
3047,Greta Lind,3048
3048,Steve McQueen,3049
3049,JoBeth Williams,3050
3050,Heather O'Rourke,3051
3051,Beatrice Straight,3052
3052,Jessica Barth,3053
3053,Tony Danza,3054
3054,Jack Whitehall,3055
3055,Julian Sands,3056
3056,Andrew Rannells,3057
3057,Clifton Powell,3058
3058,Scott MacDonald,3059
3059,Himesh Patel,3060
3060,Sophia Di Martino,3061
3061,Ellise Chappell,3062
3062,Jane Levy,3063
3063,Dylan Minnette,3064
3064,James Coburn,3065
3065,Khris Davis,3066
3066,Jasmine Mathews,3067
3067,Sullivan Jones,3068
3068,Lawrence Gilliard Jr.,3069
3069,Stacy Peralta,3070
3070,Daniel Ades,3071
3071,Andres Aybar,3072
3072,Warren Beatty,3073
3073,Michael J. Pollard,3074
3074,Amber Tamblyn,3075
3075,David Cross,3076
3076,Tobias Menzies,3077
3077,Maud Adams,3078
3078,Emma Berman,3079
3079,Saverio Raimondo,3080
3080,Megan Suri,3081
3081,Neeru Bajwa,3082
3082,Mohana Krishnan,3083
3083,Betty Gabriel,3084
3084,Odessa A'zion,3085
3085,Jamie Clayton,3086
3086,Adam Faison,3087
3087,Drew Starkey,3088
3088,Joey Lauren Adams,3089
3089,Jon Stewart,3090
3090,Cole Sprouse,3091
3091,Nat Wolff,3092
3092,Michael Constantine,3093
3093,Christina Eleusiniotis,3094
3094,Bruce Campbell,3095
3095,Ellen Sandweiss,3096
3096,Richard DeManincor,3097
3097,Betsy Baker,3098
3098,Lynn Collins,3099
3099,Nick Stahl,3100
3100,Kristanna Loken,3101
3101,Madison Wolfe,3102
3102,Gabriella Wilde,3103
3103,Portia Doubleday,3104
3104,Antony Acker,3105
3105,Mark Barrett,3106
3106,Ian Mongrain,3107
3107,Russell Bobbitt,3108
3108,Tyrone Power,3109
3109,Marlene Dietrich,3110
3110,Elsa Lanchester,3111
3111,Jared Gilman,3112
3112,Kara Hayward,3113
3113,Odessa Rae,3114
3114,Dominique Pinon,3115
3115,Rachel Griffiths,3116
3116,Jack Thompson,3117
3117,Alex Winter,3118
3118,George Carlin,3119
3119,Terry Camilleri,3120
3120,Tommy Chong,3121
3121,Lucy Liu,3122
3122,Lou Diamond Phillips,3123
3123,Alexa PenaVega,3124
3124,Daryl Sabara,3125
3125,Sharon Small,3126
3126,Sally Kellerman,3127
3127,Woody Allen,3128
3128,Louise Lasser,3129
3129,Carlos MontalbÃ¡n,3130
3130,Nati Abascal,3131
3131,Oona Laurence,3132
3132,Jodi Benson,3133
3133,Samuel E. Wright,3134
3134,Rene Auberjonois,3135
3135,Christopher Daniel Barnes,3136
3136,Daniel Olbrychski,3137
3137,Lucy Hale,3138
3138,Violett Beane,3139
3139,Hayden Szeto,3140
3140,Morgan Lily,3141
3141,Piper Perabo,3142
3142,Adam Garcia,3143
3143,Lena Olin,3144
3144,Emmanuelle Seigner,3145
3145,Wenwen Han,3146
3146,Sam J. Jones,3147
3147,Melody Anderson,3148
3148,Lucy Punch,3149
3149,Perdita Weeks,3150
3150,Ben Feldman,3151
3151,Edwin Hodge,3152
3152,FranÃ§ois Civil,3153
3153,Colton Haynes,3154
3154,Juno Temple,3155
3155,Alisha Wainwright,3156
3156,Ryder Allen,3157
3157,Brenda Rawn,3158
3158,John Gielgud,3159
3159,Rob Lowe,3160
3160,Tia Carrere,3161
3161,Cheech Marin,3162
3162,Ray Walston,3163
3163,Bria Vinaite,3164
3164,Christopher Rivera,3165
3165,Kimberly Williams-Paisley,3166
3166,Billy Barty,3167
3167,Benjamin Evan Ainsworth,3168
3168,Angus Wright,3169
3169,Neel Sethi,3170
3170,Tim Griffin,3171
3171,Ava Zaria Lee,3172
3172,Kimberly Cheng,3173
3173,Eileen Atkins,3174
3174,Kim Dickens,3175
3175,Trey Wilson,3176
3176,Ella Hunt,3177
3177,Malcolm Cumming,3178
3178,Sarah Swire,3179
3179,Christopher Leveaux,3180
3180,Lia McHugh,3181
3181,Taj Atwal,3182
3182,Harold Torres,3183
3183,Gemma Ward,3184
3184,Alex Fisher,3185
3185,Whitney Able,3186
3186,Mario Zuniga Benavides,3187
3187,Annalee Jefferies,3188
3188,John Randolph,3189
3189,Jack Kehoe,3190
3190,Biff McGuire,3191
3191,Gert FrÃ¶be,3192
3192,Honor Blackman,3193
3193,Shirley Eaton,3194
3194,Tom Prior,3195
3195,Sophie Perry,3196
3196,Jim Sturgess,3197
3197,John Larroquette,3198
3198,Christine Ebersole,3199
3199,Roger Dale Floyd,3200
3200,Whitney Houston,3201
3201,Gary Kemp,3202
3202,Bill Cobbs,3203
3203,YaYa Gosselin,3204
3204,Lyon Daniels,3205
3205,Cameron Bright,3206
3206,John Haycraft,3207
3207,Melanie Hyams,3208
3208,GÃ©rard Depardieu,3209
3209,Omar Sharif,3210
3210,Julie Christie,3211
3211,Geraldine Chaplin,3212
3212,Rod Steiger,3213
3213,Tory Kittles,3214
3214,Michael Jai White,3215
3215,Alison Lohman,3216
3216,Ruth Livier,3217
3217,Lorna Raver,3218
3218,Nicola Peltz Beckham,3219
3219,Marion Cotillard,3220
3220,Simon Helberg,3221
3221,Devyn McDowell,3222
3222,An Nguyen,3223
3223,John Getz,3224
3224,Joy Boushel,3225
3225,Joss Ackland,3226
3226,Lane Smith,3227
3227,Heidi Kling,3228
3228,Sarah Wright,3229
