Movie ID,Movie Name
id1, Leave the World Behind
id2, Wonka
id3, Poor Things
id4, Killers of the Flower Moon
id5, May December
id6, The Hunger Games: The Ballad of Songbirds & Snakes
id7, Napoleon
id8, Oppenheimer
id9, Love Actually
id10, Candy Cane Lane
id11, Saltburn
id12, Barbie
id13, National Lampoon's Christmas Vacation
id14, Rebel Moon - Part One: A Child of Fire
id15, The Family Plan
id16, The Holdovers
id17, Family Switch
id18, Indiana Jones and the Dial of Destiny
id19, Elf
id20, How the Grinch Stole Christmas
id21, Maestro
id22, Mr. Monk's Last Case: A Monk Movie
id23, Leo
id24, The Creator
id25, The Grinch
id26, Chicken Run: Dawn of the Nugget
id27, Die Hard
id28, The Killer
id29, The Super Mario Bros. Movie
id30, Violent Night
id31, Home Alone 2: Lost in New York
id32, A Haunting in Venice
id33, The Marvels
id34, Wish
id35, The Polar Express
id36, It's a Wonderful Life
id37, Five Nights at Freddy's
id38, The Santa Clause
id39, Finestkind
id40, Thanksgiving
id41, The Holiday
id42, The Hunger Games
id43, A Christmas Story
id44, Willy Wonka & the Chocolate Factory
id45, Trolls Band Together
id46, Scrooged
id47, Ferrari
id48, No Hard Feelings
id49, Charlie and the Chocolate Factory
id50, X
id51, Mission: Impossible - Dead Reckoning Part One
id52, Spider-Man: Across the Spider-Verse
id53, Asteroid City
id54, Blue Beetle
id55, Eileen
id56, Love and Monsters
id57, Dune
id58, Spirited
id59, Dream Scenario
id60, Jingle All the Way
id61, Priscilla
id62, Talk to Me
id63, The Batman
id64, Everything Everywhere All at Once
id65, Harry Potter and the Sorcerer's Stone
id66, American Fiction
id67, Interstellar
id68, Genie
id69, Klaus
id70, The Shawshank Redemption
id71, A Christmas Carol
id72, Last Christmas
id73, Reptile
id74, The Suicide Squad
id75, Gremlins
id76, The Godfather
id77, The Wolf of Wall Street
id78, The Equalizer 3
id79, Merry Little Batman
id80, Underwater
id81, Taylor Swift: The Eras Tour
id82, Christmas with the Kranks
id83, John Wick: Chapter 4
id84, The Santa Clause 2
id85, Gran Turismo
id86, Chicken Run
id87, Four Christmases
id88, Mad Max: Fury Road
id89, Glory
id90, Suicide Squad
id91, The Muppet Christmas Carol
id92, The Family Stone
id93, Office Christmas Party
id94, The Lord of the Rings: The Fellowship of the Ring
id95, Pride & Prejudice
id96, Gladiator
id97, The Hunger Games: Catching Fire
id98, Freelance
id99, The Dark Knight
id100, Blade Runner 2049
id101, Pulp Fiction
id102, The Age of Adaline
id103, The Exorcist: Believer
id104, Bad Santa
id105, Scott Pilgrim vs. the World
id106, Guardians of the Galaxy Vol. 3
id107, Fast X
id108, Sound of Freedom
id109, Predestination
id110, Krampus
id111, Fight Club
id112, L.A. Confidential
id113, Transformers: Rise of the Beasts
id114, Top Gun: Maverick
id115, Beverly Hills Cop
id116, The Christmas Chronicles
id117, Dungeons & Dragons: Honor Among Thieves
id118, Pearl
id119, The Nightmare Before Christmas
id120, Deck the Halls
id121, Bottoms
id122, Once Upon a Time in Hollywood
id123, Avatar: The Way of Water
id124, Love
id125, Inception
id126, The Goonies
id127, Saw X
id128, Godzilla
id129, It's a Wonderful Knife
id130, A Christmas Story Christmas
id131, Babylon
id132, Whiplash
id133, Titanic
id134, Shazam! Fury of the Gods
id135, A Good Person
id136, The Color Purple
id137, Die Hard 2
id138, Fair Play
id139, The Wizard of Oz
id140, Fargo
id141, Dumb Money
id142, Love Story
id143, Requiem for a Dream
id144, The Favourite
id145, Nyad
id146, Goodfellas
id147, Midsommar
id148, The Gentlemen
id149," The Chronicles of Narnia: The Lion, the Witch and the Wardrobe"
id150, Inglourious Basterds
id151, Godzilla vs. Kong
id152, Mean Girls
id153, The Family Man
id154, She's All That
id155, Triangle of Sadness
id156, Black Swan
id157, Kingdom of Heaven
id158, The Northman
id159, Prometheus
id160, Spider-Man: No Way Home
id161, The Rocky Horror Picture Show
id162, Se7en
id163, Elemental
id164, Origin
id165, Hunter Killer
id166, Pain Hustlers
id167, The Silence of the Lambs
id168, Joker
id169, The Flash
id170, Old Dads
id171, The Princess Bride
id172, American Beauty
id173, Jurassic Park
id174, Heat
id175, Léon: The Professional
id176, Harry Potter and the Goblet of Fire
id177, The Menu
id178, Expend4bles
id179, Godzilla: King of the Monsters
id180, Little Women
id181, The Killing of a Sacred Deer
id182, American Psycho
id183, Fred Claus
id184, Eyes Wide Shut
id185, Eight Crazy Nights
id186, Beau Is Afraid
id187, Django Unchained
id188, Harry Potter and the Deathly Hallows: Part 2
id189, Schindler's List
id190, Sing 2
id191, The Lord of the Rings: The Return of the King
id192, The Departed
id193, Promising Young Woman
id194, The Night Before
id195, Bullet Train
id196, The Covenant
id197, Kung Fu Panda
id198, Beauty and the Beast
id199, Don't Worry Darling
id200, The Little Mermaid
id201, Forrest Gump
id202, Noelle
id203, Lucy
id204, There Will Be Blood
id205, The Santa Clause 3: The Escape Clause
id206, Avengers: Endgame
id207, Jack Frost
id208, Vacation
id209, Teenage Mutant Ninja Turtles: Mutant Mayhem
id210, Frozen
id211, No Country for Old Men
id212, Raiders of the Lost Ark
id213, The Hunger Games: Mockingjay - Part 2
id214, The Matrix
id215, American Pie
id216, No Time to Die
id217, Watchmen
id218, Apocalypse Now
id219, Tombstone
id220, Alien
id221, Please Don't Destroy: The Treasure of Foggy Mountain
id222, Gone Girl
id223, Saving Private Ryan
id224, The Notebook
id225, The Big Lebowski
id226, Twilight
id227, The Whale
id228, Scarface
id229, Blade Runner
id230, Fifty Shades of Grey
id231, Back to the Future
id232, The Green Mile
id233, A Boy Called Christmas
id234, Wind River
id235, John Wick
id236, Holidate
id237, Uncharted
id238, Infinity Pool
id239, Barry Lyndon
id240, 10 Things I Hate About You
id241, The Marsh King's Daughter
id242, Harry Potter and the Prisoner of Azkaban
id243, Good Will Hunting
id244, Don't Look Up
id245, The Prestige
id246," Crazy, Stupid, Love."
id247, Joy Ride
id248, Men
id249, Black Christmas
id250, The Banshees of Inisherin
id251, The Hunger Games: Mockingjay - Part 1
id252, Prisoners
id253, Trading Places
id254, Death on the Nile
id255, Man of Steel
id256, Aquaman
id257, Shutter Island
id258, Harry Potter and the Chamber of Secrets
id259, Troy
id260, Spider-Man: Into the Spider-Verse
id261, The Dark Knight Rises
id262, Hypnotic
id263, Call Me by Your Name
id264, Get Out
id265, Some Like It Hot
id266, Meg 2: The Trench
id267, Love Hard
id268, Eternal Sunshine of the Spotless Mind
id269, 300
id270, We're the Millers
id271, Arthur Christmas
id272, Green Book
id273, Theater Camp
id274, Top Gun
id275, Tenet
id276, 12 Angry Men
id277, Burlesque
id278, BlackBerry
id279, Casino Royale
id280, Star Wars: Episode IV - A New Hope
id281, The Lobster
id282, Silent Hill
id283, Jack Reacher
id284, Fiddler on the Roof
id285, Glass Onion
id286, Memory
id287, The Many Saints of Newark
id288, Pirates of the Caribbean: The Curse of the Black Pearl
id289, The Longest Ride
id290, A Man Called Otto
id291, Aliens
id292, No One Will Save You
id293, Holiday Inn
id294, The Deer Hunter
id295," Are You There God? It's Me, Margaret."
id296, The Help
id297, Terminator 2: Judgment Day
id298, La La Land
id299, The Truman Show
id300, The Sound of Music
id301, The Outsiders
id302, Taxi Driver
id303, Fast Times at Ridgemont High
id304, Evil Dead Rise
id305, Hereditary
id306, Her
id307, The Irishman
id308, Catch Me If You Can
id309, The Shining
id310, Knives Out
id311, Next Goal Wins
id312, The Last Voyage of the Demeter
id313, Air
id314, She's the Man
id315, Better Watch Out
id316, The Fast and the Furious
id317, Tropic Thunder
id318, Nobody
id319, Murder on the Orient Express
id320, The Secret Life of Walter Mitty
id321, Christmas in Connecticut
id322, Love & Other Drugs
id323, The Equalizer
id324, Ford v Ferrari
id325, Aftersun
id326, Mob Land
id327, Divergent
id328, Totally Killer
id329, Taken
id330, Strays
id331, The Burial
id332, Pretty Woman
id333, Renfield
id334, Happiest Season
id335, Ghosted
id336, Mulholland Drive
id337, Drive
id338, The Man Who Invented Christmas
id339, The Lord of the Rings: The Two Towers
id340, Sisu
id341, Superbad
id342, Ghostbusters
id343," Planes, Trains & Automobiles"
id344, Green Lantern
id345, Cruella
id346, Harry Potter and the Deathly Hallows: Part 1
id347, The Christmas Chronicles: Part Two
id348, Good Burger 2
id349, Where the Crawdads Sing
id350, The Abyss
id351, The Godfather Part II
id352, The Fifth Element
id353, 8-Bit Christmas
id354, Black Adam
id355, Mr. & Mrs. Smith
id356, Memento
id357, Avatar
id358, Gerald's Game
id359, 65
id360, Paper Moon
id361, The Nun II
id362, Cobweb
id363, Boyz n the Hood
id364, The Dreamers
id365, The Bikeriders
id366, Deadpool
id367, Alien: Covenant
id368, Kill Bill: Vol. 1
id369, Last Night in Soho
id370, Ready or Not
id371, The Hobbit: An Unexpected Journey
id372, Hidden Figures
id373, Point Break
id374, Skyfall
id375, Barbarian
id376, The Hateful Eight
id377, 2001: A Space Odyssey
id378, Meet Me in St. Louis
id379, Birds of Prey
id380, The Nutcracker and the Four Realms
id381, The Great Gatsby
id382, Old
id383, The Usual Suspects
id384, Me Before You
id385, Free Guy
id386, Dead Poets Society
id387, Harry Potter and the Order of the Phoenix
id388, From Dusk Till Dawn
id389, Kong: Skull Island
id390, A Beautiful Mind
id391, Ex Machina
id392, Thor: Love and Thunder
id393, Dazed and Confused
id394, Sicario
id395, Unfaithful
id396, The Mist
id397, Indiana Jones and the Temple of Doom
id398, Shazam!
id399, Smile
id400, Home Sweet Home Alone
id401, Lolita
id402, Rustin
id403, Cars
id404, Kandahar
id405, A Bad Moms Christmas
id406, Lady Bird
id407, The Exorcist
id408, Network
id409, It
id410, Scream VI
id411, Amsterdam
id412, Excalibur
id413, Guardians of the Galaxy
id414, The Terminator
id415, The Place Beyond the Pines
id416, Secretary
id417, The Thing
id418, RoboCop
id419, Spider-Man
id420, The Martian
id421, The Greatest Showman
id422, I Can Only Imagine
id423, Mother!
id424, The Talented Mr. Ripley
id425, National Lampoon's Animal House
id426, While You Were Sleeping
id427, Harry Potter and the Half-Blood Prince
id428, The Fast and the Furious: Tokyo Drift
id429, Knock at the Cabin
id430, Braveheart
id431, Basic Instinct
id432, The Hangover
id433, Elvis
id434, 8 Mile
id435, Percy Jackson & the Olympians: The Lightning Thief
id436, About Time
id437, The Revenant
id438, Pale Rider
id439, Kung Fu Panda 3
id440, Boogie Nights
id441, The Matrix Resurrections
id442, Meet Joe Black
id443, The Maze Runner
id444, Puss in Boots: The Last Wish
id445, Falling for Christmas
id446, One Flew Over the Cuckoo's Nest
id447, Batman Begins
id448, Blockers
id449, Jumanji
id450, The Mummy
id451, Indiana Jones and the Last Crusade
id452, Nope
id453, Uncut Gems
id454, Surviving Christmas
id455, The Grand Budapest Hotel
id456, Bridget Jones's Diary
id457, 1917
id458, The Lion King
id459, The Last Duel
id460, The Lost City
id461, West Side Story
id462, American History X
id463, The Pianist
id464, The Star
id465, Dunkirk
id466, A Clockwork Orange
id467, Encanto
id468, The Social Network
id469, Trolls
id470, Hacksaw Ridge
id471, The Phantom of the Opera
id472, Once Upon a Time in America
id473, Fatman
id474, Donnie Darko
id475, Fall
id476, Uncle Buck
id477, The Other Guys
id478, The Girl Next Door
id479, Almost Famous
id480, Snatch
id481, Batman v Superman: Dawn of Justice
id482, The Hunt
id483, Ratatouille
id484, Jojo Rabbit
id485, The Lighthouse
id486, Sing
id487, Avengers: Infinity War
id488, The Girl with the Dragon Tattoo
id489, Fury
id490, The King
id491, The Fabelmans
id492, The Unbearable Weight of Massive Talent
id493, Star Wars: Episode IX - The Rise of Skywalker
id494, The Witch
id495, PAW Patrol: The Mighty Movie
id496, Star Wars: Episode I - The Phantom Menace
id497, Crocodile Dundee
id498, Stand by Me
id499, The Voyeurs
id500, The Big Short
id501, Matilda
id502, Annihilation
id503," Red, White & Royal Blue"
id504, True Romance
id505, The Autopsy of Jane Doe
id506, The Outlaw Josey Wales
id507, Baywatch
id508, Operation Fortune: Ruse de Guerre
id509, Brothers
id510, Sin City
id511, Mission: Impossible - Fallout
id512, Prey
id513, GoldenEye
id514, Wonder Woman
id515, Full Metal Jacket
id516, Deadpool 2
id517, Die Hard with a Vengeance
id518, Zodiac
id519, Belfast
id520, Idiocracy
id521, BlacKkKlansman
id522, Batman Returns
id523, Lost in Translation
id524, The Devil Wears Prada
id525, What Happens Later
id526, Kingsman: The Secret Service
id527, Edward Scissorhands
id528, Cocaine Bear
id529, Reservoir Dogs
id530, Snowpiercer
id531, How It Ends
id532, Iron Man
id533, Indiana Jones and the Kingdom of the Crystal Skull
id534, Shame
id535, Under the Skin
id536, The Gray Man
id537, The Adventures of Sharkboy and Lavagirl 3-D
id538, Quiz Lady
id539, Zack Snyder's Justice League
id540, Clue
id541, Carol
id542, Men in Black
id543, Bram Stoker's Dracula
id544, DC League of Super-Pets
id545, Single All the Way
id546, Eternals
id547, Ocean's Eleven
id548, Ghostbusters: Afterlife
id549, Guillermo del Toro's Pinocchio
id550, 13 Going on 30
id551, Serendipity
id552, Edge of Tomorrow
id553, Beetlejuice
id554, Toy Story
id555, Ant-Man and the Wasp: Quantumania
id556, The Noel Diary
id557, The Nice Guys
id558, Inside Out
id559, Not Another Teen Movie
id560, The Bishop's Wife
id561, 28 Days Later
id562, Doctor Strange in the Multiverse of Madness
id563, The Breakfast Club
id564, Jennifer's Body
id565, Jurassic World Dominion
id566, Just Friends
id567," Silent Night, Deadly Night"
id568, Trolls World Tour
id569, Moonlight
id570, A Knight's Tale
id571, Licence to Kill
id572, John Wick: Chapter 3 - Parabellum
id573, Extraction II
id574, Let It Snow
id575, Shrek
id576, The Meg
id577, Alita: Battle Angel
id578, Dear John
id579, Jurassic World
id580, What's Eating Gilbert Grape
id581, Tár
id582, An American Pickle
id583, Heart of Stone
id584, The Blue Lagoon
id585, The Mean One
id586, American Hustle
id587, Smokin' Aces
id588, The Wicker Man
id589, Scream
id590, The Lost Boys
id591, Love the Coopers
id592, Hook
id593, Kung Fu Panda 2
id594, The Avengers
id595, To Catch a Killer
id596, The Sixth Sense
id597, Mission: Impossible
id598, Silver Linings Playbook
id599, F9: The Fast Saga
id600, Casino
id601, Fantastic Beasts: The Secrets of Dumbledore
id602, In Time
id603, Jaws
id604, Platoon
id605, Deep Water
id606, Les Misérables
id607, Planet of the Apes
id608, Beautiful Boy
id609, Saturday Night Fever
id610, Army of the Dead
id611, The Father
id612, Diary of a Wimpy Kid
id613, Love at First Sight
id614, The Perks of Being a Wallflower
id615, Casablanca
id616, Bodies Bodies Bodies
id617, Die Another Day
id618, Blonde
id619, Hamilton
id620, Now You See Me
id621, My Big Fat Greek Wedding 3
id622, The Pale Blue Eye
id623, Lethal Weapon
id624, It Happened on Fifth Avenue
id625, My Cousin Vinny
id626, The Imitation Game
id627, E.T. the Extra-Terrestrial
id628, After
id629, Scrooge: A Christmas Carol
id630, The Ritual
id631, Into the Wild
id632, Independence Day
id633, Transformers
id634, Training Day
id635, Step Brothers
id636, Knock Knock
id637, Stardust
id638, Lady Chatterley's Lover
id639, Black Hawk Down
id640, Bad Santa 2
id641, Baby Driver
id642, Bones and All
id643, Closer
id644, Vegas Vacation
id645, Labyrinth
id646, Soul
id647, Fast & Furious
id648, Superman
id649, Predator
id650, The Pelican Brief
id651, Atonement
id652, The Fugitive
id653, The Secret: Dare to Dream
id654, Passengers
id655, Transformers: The Last Knight
id656, Groundhog Day
id657, Scrooge
id658, Jumanji: Welcome to the Jungle
id659, Notting Hill
id660, Logan
id661, Grease
id662, Ferris Bueller's Day Off
id663," What's Up, Doc?"
id664, Nimona
id665, Paddington 2
id666, Batman
id667, City of Angels
id668, Pleasure
id669, M3GAN
id670, Beverly Hills Cop III
id671, A Time to Kill
id672, Rogue One: A Star Wars Story
id673, Rocky
id674, Ted
id675, The Virgin Suicides
id676, Doctor Sleep
id677, The Cell
id678, A Star Is Born
id679, Australia
id680, The Day After Tomorrow
id681, Mad Max
id682, Payback
id683, Split
id684, The Conjuring
id685, Daddy's Home 2
id686, Moana
id687, The Lovely Bones
id688, War for the Planet of the Apes
id689, The Curious Case of Benjamin Button
id690, Ambulance
id691, A Bronx Tale
id692, Star Wars: Episode VII - The Force Awakens
id693, Romeo + Juliet
id694, The King's Man
id695, Fool's Paradise
id696, Trainspotting
id697, Saw
id698, Psycho
id699, Total Recall
id700, Captain Marvel
id701, The Reader
id702, Nocturnal Animals
id703, Ernest Saves Christmas
id704, Rise of the Guardians
id705, Zootopia
id706, Venom
id707, Haunted Mansion
id708, Office Space
id709, World War Z
id710, Black Panther
id711, The Hospital
id712, Armageddon
id713, Us
id714, Ready Player One
id715, Little Children
id716, Retribution
id717, Paddington
id718, Insidious: The Red Door
id719, Save the Last Dance
id720, Hot Fuzz
id721, The House That Jack Built
id722, The Incredibles
id723, The Mask
id724, Gone with the Wind
id725, Gangs of New York
id726, Event Horizon
id727, Airplane!
id728, Jules
id729," Three Billboards Outside Ebbing, Missouri"
id730, Margin Call
id731, Black Panther: Wakanda Forever
id732, The Tomorrow War
id733, Bohemian Rhapsody
id734, Disobedience
id735, Star Wars: Episode V - The Empire Strikes Back
id736, Frequency
id737, Chronicle
id738, Looper
id739, True Lies
id740, Showgirls
id741, Waitress
id742, The Mother
id743, The Commuter
id744," To Sir, with Love"
id745, Man on Fire
id746, Crazy Rich Asians
id747, King Kong
id748, Moonfall
id749, The Little Things
id750, The Firm
id751, Mamma Mia! Here We Go Again
id752, Unforgiven
id753, Big
id754, Clueless
id755, John Wick: Chapter 2
id756, The Death of Stalin
id757, Airheads
id758, Nightcrawler
id759, Love Again
id760, Waiting...
id761, The Royal Hotel
id762, Mission: Impossible II
id763, The Proposal
id764, Starship Troopers
id765, Something from Tiffany's
id766, V for Vendetta
id767, The Greatest Beer Run Ever
id768, Finding Nemo
id769, White Noise
id770, Before Sunrise
id771, Night at the Museum
id772, Angel Heart
id773, Hell or High Water
id774, Valerian and the City of a Thousand Planets
id775, X-Men
id776, The Persian Version
id777, Pitch Perfect
id778, The Legend of Tarzan
id779, The Equalizer 2
id780, Rise of the Planet of the Apes
id781, The Human Centipede (First Sequence)
id782, Unbroken
id783, Maze Runner: The Scorch Trials
id784, Primal Fear
id785, Coco
id786, The Stranger
id787, Amadeus
id788, Mystic River
id789, WALL·E
id790, Alice in Wonderland
id791, American Gangster
id792, Sixteen Candles
id793, Fingernails
id794, Focus
id795, Pirates of the Caribbean: Dead Men Tell No Tales
id796, A Nightmare on Elm Street
id797, Legend
id798, Remember the Night
id799, Sleeping Beauty
id800, Remember the Titans
id801, The Black Phone
id802, Captain America: The First Avenger
id803, The Witches of Eastwick
id804, The Impossible
id805, Room
id806, The Invisible Man
id807, Dawn of the Planet of the Apes
id808, Wild Things
id809, Passages
id810, 500 Days of Summer
id811, The Devil's Advocate
id812, Weird: The Al Yankovic Story
id813, The Hunt for Red October
id814, Scary Movie
id815, Nightmare Alley
id816, Cinderella
id817, 2 Fast 2 Furious
id818, The Out-Laws
id819, Wonder Woman 1984
id820, The Shape of Water
id821, Mamma Mia!
id822, The Hobbit: The Desolation of Smaug
id823, How to Train Your Dragon
id824, Children of Men
id825, In Bruges
id826, Scooby-Doo
id827, Beverly Hills Cop II
id828, Stargate
id829, A Castle for Christmas
id830, Terminator: Dark Fate
id831, Thor: Ragnarok
id832, Gremlins 2: The New Batch
id833, Plane
id834, Spotlight
id835, Star Wars: Episode III - Revenge of the Sith
id836, Fantastic Mr. Fox
id837, Dumb and Dumber
id838, Click
id839, Live Free or Die Hard
id840, Red Sparrow
id841, The Miracle Club
id842, 12 Years a Slave
id843, Galaxy Quest
id844, The Devil All the Time
id845, The Patriot
id846, Red Dawn
id847, Life
id848, She Came to Me
id849, The Last of the Mohicans
id850, Up
id851, Jingle Jangle: A Christmas Journey
id852, Spider-Man: Homecoming
id853, Interview with the Vampire: The Vampire Chronicles
id854, Pirates of the Caribbean: Dead Man's Chest
id855, Gran Torino
id856, Sucker Punch
id857, It Follows
id858, Creed III
id859, Star Trek
id860, The Texas Chain Saw Massacre
id861, For Your Eyes Only
id862, Sunshine
id863, Foe
id864, Book Club: The Next Chapter
id865, Erin Brockovich
id866, Frozen II
id867, The World Is Not Enough
id868, The Kill Room
id869, Legally Blonde
id870, Sky High
id871, The Pope's Exorcist
id872, Everest
id873, Dark Waters
id874, Freud's Last Session
id875, Tomorrowland
id876, School of Rock
id877, Good Time
id878, Easy A
id879, Brokeback Mountain
id880, Aladdin
id881, Warrior
id882, Malignant
id883, My Girl
id884, Dirty Dancing
id885, Mixed Nuts
id886, Talladega Nights: The Ballad of Ricky Bobby
id887, Spectre
id888, Patriot Games
id889, Star Wars: Episode VIII - The Last Jedi
id890, The Karate Kid
id891, National Lampoon's European Vacation
id892, Anna
id893, The French Dispatch
id894, Showing Up
id895, Better Off Dead...
id896, Robin Hood
id897, Remember Me
id898, Steel Magnolias
id899, Midway
id900," Girl, Interrupted"
id901, Lone Survivor
id902, Blade
id903, White Chicks
id904, The Descent
id905, Furious 7
id906, The Road Warrior
id907, Conan the Barbarian
id908, The Mission
id909, Napoleon Dynamite
id910, The Town
id911, Thirteen
id912, Black Widow
id913, Bridge to Terabithia
id914, Monster
id915, Dredd
id916, Champions
id917," Confess, Fletch"
id918, EuroTrip
id919, The Accountant
id920, Serenity
id921, I Spit on Your Grave
id922, Venom: Let There Be Carnage
id923, Last Holiday
id924," Monsters, Inc."
id925, Birdman or (The Unexpected Virtue of Ignorance)
id926, Mask
id927, The Game
id928, Knights of the Zodiac
id929, Alfie
id930, Thor
id931, Just Go with It
id932, The Boogeyman
id933, Tetris
id934, Licorice Pizza
id935," The Cook, the Thief, His Wife & Her Lover"
id936, Anastasia
id937, Misery
id938, Lakeview Terrace
id939, Tangled
id940, Tomorrow Never Dies
id941, Chinatown
id942, Mary Poppins
id943, The Nun
id944, American Symphony
id945, Mrs. Doubtfire
id946, When Harry Met Sally...
id947, You Are So Not Invited to My Bat Mitzvah
id948, Cruel Intentions
id949, TRON: Legacy
id950, Legion
id951, Traffic
id952, Minority Report
id953, Justice League
id954, Suspiria
id955, Nomadland
id956, I'm Thinking of Ending Things
id957, Reality
id958, Mud
id959, Highlander
id960, Pearl Harbor
id961, Brazil
id962, Blue Velvet
id963, Sideways
id964, Sleepers
id965, A Merry Friggin' Christmas
id966, Demolition
id967, Marriage Story
id968, The Road
id969, War of the Worlds
id970, The Bad Guys
id971, The Nutcracker: The Untold Story
id972, Manchester by the Sea
id973, The Call of the Wild
id974, American Sniper
id975, Ice Age
id976, Hannibal
id977, Wrong Turn
id978, 13 Hours
id979, Moulin Rouge!
id980, The Cabin in the Woods
id981, 1408
id982," Lock, Stock and Two Smoking Barrels"
id983, Coraline
id984, Sinister
id985, Solo: A Star Wars Story
id986, The NeverEnding Story
id987, The Rocker
id988, Dances with Wolves
id989, Juno
id990, Star Wars: Episode VI - Return of the Jedi
id991, The Giver
id992, Crash
id993, I Am Legend
id994, The Power of the Dog
id995, Spider-Man 2
id996, The Peanut Butter Falcon
id997, Limitless
id998, The Amazing Spider-Man
id999, Upgrade
id1000, Wrath of Man
id1001, The Ballad of Buster Scruggs
id1002, Hot Tub Time Machine
id1003, Fast Five
id1004, That's My Boy
id1005, Little Miss Sunshine
id1006, They Cloned Tyrone
id1007, House of Gucci
id1008, Kick-Ass
id1009, Kingsman: The Golden Circle
id1010, A Few Good Men
id1011, Bad Times at the El Royale
id1012, Cloud Atlas
id1013, Hit Man
id1014, Shang-Chi and the Legend of the Ten Rings
id1015, Polar
id1016, Pacific Rim
id1017, The Last Samurai
id1018, Dodgeball: A True Underdog Story
id1019, Fantastic Beasts and Where to Find Them
id1020, Sea of Love
id1021, Shaun of the Dead
id1022, Kiss Kiss Bang Bang
id1023, Piranha 3D
id1024, What We Do in the Shadows
id1025, Tusk
id1026, Morbius
id1027, Batman Forever
id1028, Speed
id1029, Scent of a Woman
id1030, Blue Valentine
id1031, Greyhound
id1032, A Bridge Too Far
id1033, The English Patient
id1034, King Arthur: Legend of the Sword
id1035, Weird Science
id1036, The Snowman
id1037, The Parent Trap
id1038, Avengers: Age of Ultron
id1039, Phantom Thread
id1040, Maze Runner: The Death Cure
id1041, Cashback
id1042, The Addams Family
id1043, Chicago
id1044, Friends with Benefits
id1045, Hostiles
id1046, Oblivion
id1047, A Million Miles Away
id1048, Robin Hood: Prince of Thieves
id1049, About My Father
id1050, Guardians of the Galaxy Vol. 2
id1051, Wonder
id1052, Sleepy Hollow
id1053, X-Men Origins: Wolverine
id1054, Constantine
id1055, The Big Ugly
id1056, The Others
id1057, Batman & Robin
id1058, The Man Who Knew Too Much
id1059, The Book of Eli
id1060, Quantum of Solace
id1061, Ponyo
id1062, Purple Hearts
id1063, First Blood
id1064, G.I. Joe: The Rise of Cobra
id1065, Zero Dark Thirty
id1066, Mortal Kombat
id1067, Daddy's Home
id1068, Zombieland
id1069, Jerry and Marge Go Large
id1070, Rear Window
id1071, The Prince of Egypt
id1072, Lawrence of Arabia
id1073, Rush
id1074," Good Luck to You, Leo Grande"
id1075, Natural Born Killers
id1076, Stillwater
id1077, Snow Day
id1078, Dr. Strangelove or: How I Learned to Stop Worrying and Love the Bomb
id1079, X-Men: First Class
id1080, Road House
id1081, X-Men: Apocalypse
id1082, The Bourne Identity
id1083, The Master
id1084, Ace Ventura: Pet Detective
id1085, The Butterfly Effect
id1086," I, Tonya"
id1087, The Matrix Reloaded
id1088, Revolutionary Road
id1089, Rush Hour
id1090, Master and Commander: The Far Side of the World
id1091, Spring Breakers
id1092, Dawn of the Dead
id1093, The Warriors
id1094, Christine
id1095, District 9
id1096, Alive
id1097, The Running Man
id1098, Jackie Brown
id1099, eXistenZ
id1100, Straight Outta Compton
id1101, Annie
id1102, Cape Fear
id1103, Jumanji: The Next Level
id1104, Kill Bill: Vol. 2
id1105, Jack Reacher: Never Go Back
id1106, Lee
id1107, The Adam Project
id1108, Immortals
id1109, The Replacements
id1110, 2012
id1111, North by Northwest
id1112, The Long Kiss Goodnight
id1113, Caddyshack
id1114, Boiling Point
id1115, The Hobbit: The Battle of the Five Armies
id1116, Four Weddings and a Funeral
id1117, Final Destination
id1118, Cast Away
id1119, Eden Lake
id1120, Valentine's Day
id1121, Cop Land
id1122, Fantastic Four
id1123, The Untouchables
id1124, Red Notice
id1125, Iron Man 3
id1126, The Village
id1127, Luther: The Fallen Sun
id1128, The 40-Year-Old Virgin
id1129, JFK
id1130, Bridesmaids
id1131, Mission: Impossible - Ghost Protocol
id1132, RED
id1133, Melancholia
id1134, The Wolverine
id1135, Appaloosa
id1136, Chef
id1137, Sweeney Todd: The Demon Barber of Fleet Street
id1138, Captain America: Civil War
id1139, Insidious
id1140, Borat
id1141, Master Gardener
id1142, See How They Run
id1143, Logan Lucky
id1144, Spider-Man: Far from Home
id1145, The Man from U.N.C.L.E.
id1146, Men in Black II
id1147, Austin Powers: International Man of Mystery
id1148, Hercules
id1149, The Great Outdoors
id1150, The Chronicles of Narnia: Prince Caspian
id1151, The Little Rascals
id1152, They Live
id1153, 17 Again
id1154, Rosemary's Baby
id1155, Big Fish
id1156, Sicario: Day of the Soldado
id1157, The American
id1158, Tinker Tailor Soldier Spy
id1159, Redeeming Love
id1160, Lifeforce
id1161, Pig
id1162, Silence
id1163, A.I. Artificial Intelligence
id1164, Sense and Sensibility
id1165, Perfume: The Story of a Murderer
id1166, Gods of Egypt
id1167, Toy Story 3
id1168, Dogma
id1169, Ad Astra
id1170, Austin Powers in Goldmember
id1171, X-Men: Days of Future Past
id1172, 10 Cloverfield Lane
id1173, Last Tango in Paris
id1174, Bird Box
id1175, The Fallout
id1176, Raging Bull
id1177, Silverado
id1178, Turning Red
id1179, Creed
id1180, Apollo 13
id1181, Ticket to Paradise
id1182, Bring It On
id1183, The Magnificent Seven
id1184, Legends of the Fall
id1185, The Boy in the Striped Pajamas
id1186, Happy Gilmore
id1187, This Is the End
id1188, Mission: Impossible III
id1189, Star Wars: Episode II - Attack of the Clones
id1190, Possession
id1191, Spider-Man 3
id1192, Grown Ups
id1193, High Plains Drifter
id1194, The Art of Racing in the Rain
id1195, Toy Story 4
id1196, No Escape
id1197, Monty Python and the Holy Grail
id1198, Pirates of the Caribbean: On Stranger Tides
id1199, The Highwaymen
id1200, Riddick
id1201, Pirates of the Caribbean: At World's End
id1202, A Place in the Sun
id1203, Donnie Brasco
id1204, Ocean's Eight
id1205, Game Night
id1206, Vicky Cristina Barcelona
id1207, That Awkward Moment
id1208, Movie 43
id1209, Sleepless in Seattle
id1210, Citizen Kane
id1211, Fifty Shades Freed
id1212, Sonic the Hedgehog 2
id1213, After We Collided
id1214, The Count of Monte Cristo
id1215, Jerry Maguire
id1216, Sharper
id1217, Friday
id1218, Marie Antoinette
id1219, The Machinist
id1220, I Am Number Four
id1221, Triple Frontier
id1222, My Best Friend's Wedding
id1223, Never Say Never Again
id1224, Secondhand Lions
id1225, Argo
id1226," Love, Rosie"
id1227, Face/Off
id1228, The Twilight Saga: Breaking Dawn - Part 2
id1229, Hustlers
id1230, The Thin Red Line
id1231, The Outfit
id1232, Clear and Present Danger
id1233, 21 Jump Street
id1234, Blazing Saddles
id1235, The Fate of the Furious
id1236, The Amazing Spider-Man 2
id1237, Fresh
id1238, The Driver
id1239, Twister
id1240, Good Burger
id1241, The Lost World: Jurassic Park
id1242, Rat Race
id1243, Ghost
id1244, Carrie
id1245, Sausage Party
id1246, It Chapter Two
id1247, Mafia Mamma
id1248, Vertigo
id1249, Mars Attacks!
id1250, A Quiet Place Part II
id1251, Darkest Hour
id1252, You People
id1253, Men in Black 3
id1254, Moonraker
id1255, Slap Shot
id1256, Law Abiding Citizen
id1257, Collateral
id1258, Gattaca
id1259, The Ref
id1260, Cold Pursuit
id1261, The Terminal
id1262, Magnolia
id1263, Three Thousand Years of Longing
id1264, Enemy
id1265, Police Academy
id1266, The Gift
id1267, Heathers
id1268, Ender's Game
id1269, The Predator
id1270, Sex Drive
id1271, You've Got Mail
id1272, This Is 40
id1273, Anchorman: The Legend of Ron Burgundy
id1274, There's Something About Mary
id1275, Extraction
id1276, Horrible Bosses
id1277, The Chronicles of Riddick
id1278, The Rock
id1279, Sherlock Holmes
id1280, The Da Vinci Code
id1281, Gifted
id1282, Somewhere in Queens
id1283, Greater
id1284, Dora and the Lost City of Gold
id1285, Captain Fantastic
id1286, The King's Speech
id1287, Flight
id1288, U-571
id1289, Career Opportunities
id1290, Fast & Furious 6
id1291, Big Trouble in Little China
id1292, Falling Down
id1293, Source Code
id1294, Taken 2
id1295, The Change-Up
id1296, Varsity Blues
id1297, Midnight Run
id1298, Dr. No
id1299, Fear
id1300, Allegiant
id1301, The Counselor
id1302, Vanilla Sky
id1303, Orphan
id1304, Holes
id1305, Crimes of the Future
id1306, Eastern Promises
id1307, Madagascar
id1308, The Garden of Eden
id1309, Mallrats
id1310, Blood Diamond
id1311, Mission: Impossible - Rogue Nation
id1312, Escape from New York
id1313," O Brother, Where Art Thou?"
id1314, Overboard
id1315, Spaceballs
id1316, Enola Holmes
id1317, Sophie's Choice
id1318, Alien³
id1319, Fantastic Beasts: The Crimes of Grindelwald
id1320, The Machine
id1321, Commando
id1322, The Name of the Rose
id1323, Black Mass
id1324, Run
id1325, 9½ Weeks
id1326, This Christmas
id1327, The Old Guard
id1328, Willy's Wonderland
id1329, The Beach
id1330, Vivarium
id1331, Singin' in the Rain
id1332, True Grit
id1333, Terminator Salvation
id1334, Gravity
id1335, Hugo
id1336, The Client
id1337, Footloose
id1338, Parenthood
id1339, Teenage Mutant Ninja Turtles
id1340, Glass
id1341, Shrek 2
id1342, The Hurt Locker
id1343, A Walk in the Woods
id1344, Doctor Strange
id1345, The Girl in the Spider's Web
id1346, Wedding Crashers
id1347, Brightburn
id1348, Deliverance
id1349, The Time Traveler's Wife
id1350, Road Trip
id1351, A Good Day to Die Hard
id1352, Coming to America
id1353, American Graffiti
id1354, Hellboy
id1355, Super 8
id1356, Under the Silver Lake
id1357, Hostel
id1358, The Life Aquatic with Steve Zissou
id1359, The Woman King
id1360, Shooter
id1361, Downsizing
id1362, Jason Bourne
id1363, Ma
id1364, Ghostbusters II
id1365, The Pursuit of Happyness
id1366, Sister Act 2: Back in the Habit
id1367, The Crow
id1368, The Emperor's New Groove
id1369, The Mummy Returns
id1370, Public Enemies
id1371, Predators
id1372, Knocked Up
id1373, The Living Daylights
id1374, Gone Baby Gone
id1375, El Camino: A Breaking Bad Movie
id1376, Old School
id1377, The Princess Diaries
id1378, Rocketman
id1379, 50 First Dates
id1380, The Courier
id1381, Porky's
id1382, Downton Abbey
id1383, The Waterboy
id1384, How to Lose a Guy in 10 Days
id1385, Mona Lisa Smile
id1386, Adventures in Babysitting
id1387, Watcher
id1388, Infinite
id1389, Empire of the Sun
id1390, The Sandlot
id1391, The Good Son
id1392, Butcher's Crossing
id1393, Young Frankenstein
id1394, This Is Spinal Tap
id1395, The Craft
id1396, Con Air
id1397, Ben-Hur
id1398, The Blues Brothers
id1399, Miss Peregrine's Home for Peculiar Children
id1400, Van Helsing
id1401, The Founder
id1402, Dog Day Afternoon
id1403, The Spy Who Loved Me
id1404, Underworld
id1405, Zoolander
id1406, Life of the Party
id1407, Mad Max Beyond Thunderdome
id1408, The Ring
id1409, Million Dollar Baby
id1410, Identity
id1411, Long Shot
id1412, Tomb Raider
id1413, Bombshell
id1414, Toy Story 2
id1415, The Divergent Series: Insurgent
id1416, Den of Thieves
id1417, The Guilty
id1418, 99 Homes
id1419, The Three Musketeers
id1420, Billy Madison
id1421, The Boondock Saints
id1422, The School for Good and Evil
id1423, Winter's Bone
id1424, Sonic the Hedgehog
id1425, Witness
id1426, Inside Man
id1427, The Neon Demon
id1428, Never Let Me Go
id1429, Robin Hood: Men in Tights
id1430, Booksmart
id1431, Burnt
id1432, Crocodile Dundee II
id1433, Dogville
id1434, Boston Strangler
id1435, Mulan
id1436, Rain Man
id1437, Bumblebee
id1438, Midnight in Paris
id1439, Ghost Rider
id1440, Backdraft
id1441, A Thousand and One
id1442, Casper
id1443, Dark Phoenix
id1444, Liar Liar
id1445, Hall Pass
id1446, The Intern
id1447, Moonstruck
id1448, The Princess and the Frog
id1449," Paris, Texas"
id1450, The Nativity Story
id1451, The Hitman's Bodyguard
id1452, Criminal
id1453, Trapped in Paradise
id1454, The Girl on the Train
id1455, The Expendables
id1456, Addams Family Values
id1457, The Graduate
id1458, The Lesson
id1459, The Dictator
id1460, The Dirty Dozen
id1461, The Adjustment Bureau
id1462, The House Bunny
id1463, Pitch Black
id1464, Peter Pan
id1465, The Visit
id1466, This Is Where I Leave You
id1467, After Death
id1468, Contagion
id1469, Army of Thieves
id1470, Heaven Help Us
id1471, A Series of Unfortunate Events
id1472, Jurassic World: Fallen Kingdom
id1473, Dark Harvest
id1474, On Her Majesty's Secret Service
id1475, A Very Harold & Kumar Christmas
id1476, Slumdog Millionaire
id1477, Barbarella
id1478, High Life
id1479, Flora and Son
id1480, Lincoln
id1481, Fried Green Tomatoes
id1482, Godmothered
id1483, Despicable Me
id1484, Ghost in the Shell
id1485, The Purge
id1486, The Blind Side
id1487, X-Men: The Last Stand
id1488, Exodus: Gods and Kings
id1489, The 355
id1490, Inside
id1491, Ever After: A Cinderella Story
id1492, Species
id1493, Philadelphia
id1494, Iron Man 2
id1495, Blended
id1496, Real Steel
id1497, Red Rocket
id1498, The Incredible Hulk
id1499, To Kill a Mockingbird
id1500, Anna Karenina
id1501, Moneyball
id1502, Incredibles 2
id1503, Bedazzled
id1504, Captain America: The Winter Soldier
id1505, Dallas Buyers Club
id1506, Insomnia
id1507, Munich
id1508, Funny Games
id1509, Inferno
id1510, The Chronicles of Narnia: The Voyage of the Dawn Treader
id1511, The Aviator
id1512, Super Mario Bros.
id1513, Terminator Genisys
id1514, Grown Ups 2
id1515," Me, Myself & Irene"
id1516, Palm Springs
id1517, Pieces of a Woman
id1518, Sweet Home Alabama
id1519, Big Hero 6
id1520, Instant Family
id1521, Living
id1522, Bad Boys
id1523, The Tragedy of Macbeth
id1524, Joy
id1525, Spy
id1526, The Land Before Time
id1527, Signs
id1528, An American Werewolf in London
id1529, War Dogs
id1530, Fifty Shades Darker
id1531, Contact
id1532, In the Heart of the Sea
id1533, Dark City
id1534, Life of Brian
id1535, Raya and the Last Dragon
id1536, DogMan
id1537, The Lost Daughter
id1538, Elysium
id1539, 6 Underground
id1540, Finch
id1541, Killing Them Softly
id1542, The Twilight Saga: New Moon
id1543, Who Framed Roger Rabbit
id1544, The Hitchhiker's Guide to the Galaxy
id1545, Corpse Bride
id1546, King Arthur
id1547, Forgetting Sarah Marshall
id1548, The Blair Witch Project
id1549, Willow
id1550, Zombieland: Double Tap
id1551, Fast & Furious Presents: Hobbs & Shaw
id1552, The Wrath of Becky
id1553, Cloverfield
id1554, Spencer
id1555, Vice
id1556, The Wedding Singer
id1557, Resident Evil
id1558, Pixels
id1559, Into the Woods
id1560, I See You
id1561, 28 Weeks Later
id1562, Halloween
id1563, Behind Enemy Lines
id1564, Spy Game
id1565, The Toxic Avenger
id1566, Now You See Me 2
id1567, Megamind
id1568, Moon
id1569, The Golden Compass
id1570, Deepwater Horizon
id1571, Percy Jackson: Sea of Monsters
id1572, Back to the Future Part II
id1573, Fatal Attraction
id1574, 300: Rise of an Empire
id1575, Pretty Baby
id1576, Demolition Man
id1577, Ocean's Twelve
id1578, Teen Wolf: The Movie
id1579, Roald Dahl's Matilda the Musical
id1580, Bruce Almighty
id1581, Lawless
id1582, A Walk to Remember
id1583, Couples Retreat
id1584, Kazaam
id1585, Hotel Transylvania
id1586, Marry Me
id1587, Diamonds Are Forever
id1588, Life of Pi
id1589, Red Dragon
id1590, Ocean's Thirteen
id1591, Pet Sematary: Bloodlines
id1592, Project X
id1593, Sound of Metal
id1594, The Whole Nine Yards
id1595, Epic Movie
id1596, Tarzan
id1597, Maleficent
id1598, Mr. Nobody
id1599, A Fish Called Wanda
id1600, Hackers
id1601, Mortal Engines
id1602, The Long Riders
id1603, Golda
id1604, The Great Wall
id1605, Breakfast at Tiffany's
id1606, Wild at Heart
id1607, Spartacus
id1608, Christmas with You
id1609, Burn After Reading
id1610, Close Encounters of the Third Kind
id1611, Hellraiser
id1612, The Lego Movie
id1613, Bad Moms
id1614, Atlantis: The Lost Empire
id1615, Brave
id1616, Emma.
id1617, Sanctuary
id1618, Sin City: A Dame to Kill For
id1619, Rudy
id1620, The Great Escape
id1621, How to Train Your Dragon: The Hidden World
id1622, Poltergeist
id1623, Ted 2
id1624, Don Jon
id1625, Women Talking
id1626, Jungle Cruise
id1627, Naked Lunch
id1628, A Simple Favor
id1629, Robots
id1630, Norbit
id1631, Jarhead
id1632, The Twilight Saga: Breaking Dawn - Part 1
id1633, Taken 3
id1634, Layer Cake
id1635, Jupiter Ascending
id1636, Yesterday
id1637, Don't Breathe
id1638, Charade
id1639, Big George Foreman
id1640, Pokémon: Detective Pikachu
id1641, Oldboy
id1642, Real Genius
id1643, Bonnie and Clyde
id1644, The Royal Tenenbaums
id1645, You Hurt My Feelings
id1646, The Man with the Golden Gun
id1647, 9
id1648, The Birdcage
id1649, Luca
id1650, Magic Mike
id1651, It Lives Inside
id1652, The Prophecy
id1653, Independence Day: Resurgence
id1654, Big Daddy
id1655, Walk the Line
id1656, The Fault in Our Stars
id1657, Cars 2
id1658, My Big Fat Greek Wedding
id1659, Maybe I Do
id1660, Star Trek Beyond
id1661, Thelma & Louise
id1662, The Evil Dead
id1663, John Carter
id1664, Terminator 3: Rise of the Machines
id1665, The Conjuring 2
id1666, Scary Movie 2
id1667, The Sum of All Fears
id1668, Witness for the Prosecution
id1669, Moonrise Kingdom
id1670, Hard Candy
id1671, Alien: Resurrection
id1672, Knight and Day
id1673, Blow
id1674, The Bourne Ultimatum
id1675, Poseidon
id1676, Original Sin
id1677, Bill & Ted's Excellent Adventure
id1678, After Hours
id1679, The Monuments Men
id1680, Night at the Museum: Battle of the Smithsonian
id1681, Charlie's Angels
id1682, Young Guns
id1683, Spy Kids
id1684, About a Boy
id1685, Back to School
id1686, Bananas
id1687, Southpaw
id1688, Salt
id1689, Clash of the Titans
id1690, Truth or Dare
id1691, He's Just Not That Into You
id1692, Coyote Ugly
id1693, The Punisher
id1694, The Ninth Gate
id1695, Flash Gordon
id1696, Bad Teacher
id1697," As Above, So Below"
id1698, San Andreas
id1699, The Witches
id1700, Palmer
id1701, Marlowe
id1702, Rampage
id1703, The Elephant Man
id1704, Wayne's World
id1705, Hulk
id1706, Desperado
id1707, The Apartment
id1708, St. Elmo's Fire
id1709, The Florida Project
id1710, The Island
id1711, Father of the Bride
id1712, Masters of the Universe
id1713, The Fighter
id1714, Death Becomes Her
id1715, Pinocchio
id1716, The Jungle Book
id1717, Missing
id1718, Cold Mountain
id1719, State of Play
id1720, Hollow Man
id1721, Raising Arizona
id1722, Anna and the Apocalypse
id1723, Sex Tape
id1724, The Lodge
id1725, Bridge of Spies
id1726, Lucky Number Slevin
id1727, The Strangers
id1728, Gosford Park
id1729, Monsters
id1730, Serpico
id1731, Draft Day
id1732, Goldfinger
id1733, The Theory of Everything
id1734, Geostorm
id1735, The Lincoln Lawyer
id1736, Richie Rich
id1737, Greenland
id1738, The Bodyguard
id1739, We Can Be Heroes
id1740, Birth
id1741, The Remains of the Day
id1742, Occupied City
id1743, The Man in the Iron Mask
id1744, We Were Soldiers
id1745, Doctor Zhivago
id1746, Dragged Across Concrete
id1747, Drag Me to Hell
id1748, Transformers: Age of Extinction
id1749, Annette
id1750," Definitely, Maybe"
id1751, The Fly
id1752, The Mighty Ducks
id1753, American Made
